Product,Current Factory,Candidate Factory,Region,Ship Mode,Predicted Lead Time Days,Lead Time Reduction Days,Lead Time Reduction %,Risk SD Days,Risk Reduction %,Estimated Cost,Estimated Profit,Profit Impact,Profit Impact %,Distance to Region Centroid km,Recommendation Score,Recommendation,Risk Flag
Everlasting Gobstopper,Secret Factory,Sugar Shack,Atlantic,First Class,1382.1582279004792,101.74011679034015,6.856272678944084,274.60691454575556,0.8424237445026834,3.2628504672897196,31.73714953271028,3.73714953271028,13.346962616822427,1907.5144595175952,78.99999999999999,Potential Reassignment,Acceptable
Everlasting Gobstopper,Secret Factory,Lot's O' Nuts,Atlantic,First Class,1417.1934982866226,66.70484640419681,4.495243669679761,255.74106237686206,7.654678192488544,3.8530869729270822,31.14691302707292,3.1469130270729195,11.238975096688998,3313.279674146417,62.91868113095305,Potential Reassignment,Acceptable
Everlasting Gobstopper,Secret Factory,Wicked Choccy's,Atlantic,First Class,1419.56930829611,64.32903639470942,4.335137688162381,255.1409819527574,7.871360720352117,4.257808862306258,30.74219113769374,2.742191137693741,9.793539777477646,966.7174915154925,59.4743875026456,Potential Reassignment,Acceptable
Everlasting Gobstopper,Secret Factory,Sugar Shack,Atlantic,Same Day,1367.5168803616295,101.74011679034015,6.924596376777838,274.60691454575556,0.8424237445026834,3.2628504672897196,31.73714953271028,3.73714953271028,13.346962616822427,1907.5144595175952,78.99999999999999,Potential Reassignment,Acceptable
Everlasting Gobstopper,Secret Factory,Lot's O' Nuts,Atlantic,Same Day,1402.5521507477729,66.70484640419681,4.540039389534881,255.74106237686206,7.654678192488544,3.8530869729270822,31.14691302707292,3.1469130270729195,11.238975096688998,3313.279674146417,62.91868113095305,Potential Reassignment,Acceptable
Everlasting Gobstopper,Secret Factory,Wicked Choccy's,Atlantic,Same Day,1404.9279607572603,64.32903639470942,4.378337929947301,255.1409819527574,7.871360720352117,4.257808862306258,30.74219113769374,2.742191137693741,9.793539777477646,966.7174915154925,59.4743875026456,Potential Reassignment,Acceptable
Everlasting Gobstopper,Secret Factory,Sugar Shack,Atlantic,Second Class,1369.9195176839617,101.74011679034015,6.913291253427849,274.60691454575556,0.8424237445026834,3.2628504672897196,31.73714953271028,3.73714953271028,13.346962616822427,1907.5144595175952,78.99999999999999,Potential Reassignment,Acceptable
Everlasting Gobstopper,Secret Factory,Lot's O' Nuts,Atlantic,Second Class,1404.954788070105,66.70484640419681,4.532627303325117,255.74106237686206,7.654678192488544,3.8530869729270822,31.14691302707292,3.1469130270729195,11.238975096688998,3313.279674146417,62.91868113095289,Potential Reassignment,Acceptable
Everlasting Gobstopper,Secret Factory,Wicked Choccy's,Atlantic,Second Class,1407.3305980795924,64.32903639470942,4.3711898381780845,255.1409819527574,7.871360720352117,4.257808862306258,30.74219113769374,2.742191137693741,9.793539777477646,966.7174915154925,59.47438750264544,Potential Reassignment,Acceptable
Everlasting Gobstopper,Secret Factory,Sugar Shack,Atlantic,Standard Class,1358.5363847333356,101.74011679034015,6.967181673072387,274.60691454575556,0.8424237445026834,3.2628504672897196,31.73714953271028,3.73714953271028,13.346962616822427,1907.5144595175952,78.99999999999999,Potential Reassignment,Acceptable
Everlasting Gobstopper,Secret Factory,Lot's O' Nuts,Atlantic,Standard Class,1393.571655119479,66.70484640419681,4.567959994877403,255.74106237686206,7.654678192488544,3.8530869729270822,31.14691302707292,3.1469130270729195,11.238975096688998,3313.279674146417,62.91868113095305,Potential Reassignment,Acceptable
Everlasting Gobstopper,Secret Factory,Wicked Choccy's,Atlantic,Standard Class,1395.9474651289663,64.32903639470942,4.405264093997779,255.1409819527574,7.871360720352117,4.257808862306258,30.74219113769374,2.742191137693741,9.793539777477646,966.7174915154925,59.4743875026456,Potential Reassignment,Acceptable
Everlasting Gobstopper,Secret Factory,Sugar Shack,Gulf,First Class,1368.7874412965857,101.74011679034015,6.918613407197778,210.44773697999224,30.927620626612352,3.2628504672897196,31.73714953271028,3.73714953271028,13.346962616822427,2136.7328059710176,100.0,Potential Reassignment,Acceptable
Everlasting Gobstopper,Secret Factory,Lot's O' Nuts,Gulf,First Class,1403.822711682729,66.70484640419681,4.536116717933263,266.87888223426404,12.405998444244187,3.8530869729270822,31.14691302707292,3.1469130270729195,11.238975096688998,2100.5308123042055,45.67240618502814,Potential Reassignment,Acceptable
Everlasting Gobstopper,Secret Factory,Wicked Choccy's,Gulf,First Class,1406.1985216922164,64.32903639470942,4.374554971169524,260.0116889313364,14.65992328020145,4.257808862306258,30.74219113769374,2.742191137693741,9.793539777477646,897.8239432041659,43.758246603045876,Potential Reassignment,Acceptable
Everlasting Gobstopper,Secret Factory,Sugar Shack,Gulf,Same Day,1354.146093757736,101.74011679034015,6.988191525767632,210.44773697999224,30.927620626612352,3.2628504672897196,31.73714953271028,3.73714953271028,13.346962616822427,2136.7328059710176,100.0,Potential Reassignment,Acceptable
Everlasting Gobstopper,Secret Factory,Lot's O' Nuts,Gulf,Same Day,1389.1813641438794,66.70484640419681,4.581734885660152,266.87888223426404,12.405998444244187,3.8530869729270822,31.14691302707292,3.1469130270729195,11.238975096688998,2100.5308123042055,45.67240618502814,Potential Reassignment,Acceptable
Everlasting Gobstopper,Secret Factory,Wicked Choccy's,Gulf,Same Day,1391.5571741533668,64.32903639470942,4.418548367903863,260.0116889313364,14.65992328020145,4.257808862306258,30.74219113769374,2.742191137693741,9.793539777477646,897.8239432041659,43.75824660304587,Potential Reassignment,Acceptable
Everlasting Gobstopper,Secret Factory,Sugar Shack,Gulf,Second Class,1356.5487310800681,101.74011679034015,6.976677970137049,210.44773697999224,30.927620626612352,3.2628504672897196,31.73714953271028,3.73714953271028,13.346962616822427,2136.7328059710176,100.0,Potential Reassignment,Acceptable
Everlasting Gobstopper,Secret Factory,Lot's O' Nuts,Gulf,Second Class,1391.5840014662112,66.70484640419704,4.574186142999621,266.87888223426404,12.405998444244187,3.8530869729270822,31.14691302707292,3.1469130270729195,11.238975096688998,2100.5308123042055,45.672406185028194,Potential Reassignment,Acceptable
Everlasting Gobstopper,Secret Factory,Wicked Choccy's,Gulf,Second Class,1393.9598114756989,64.32903639470942,4.41126848694286,260.0116889313364,14.65992328020145,4.257808862306258,30.74219113769374,2.742191137693741,9.793539777477646,897.8239432041659,43.758246603045706,Potential Reassignment,Acceptable
Everlasting Gobstopper,Secret Factory,Sugar Shack,Gulf,Standard Class,1345.165598129442,101.74011679034015,7.031565066143976,210.44773697999224,30.927620626612352,3.2628504672897196,31.73714953271028,3.73714953271028,13.346962616822427,2136.7328059710176,100.0,Potential Reassignment,Acceptable
Everlasting Gobstopper,Secret Factory,Lot's O' Nuts,Gulf,Standard Class,1380.2008685155854,66.70484640419681,4.610172295013362,266.87888223426404,12.405998444244187,3.8530869729270822,31.14691302707292,3.1469130270729195,11.238975096688998,2100.5308123042055,45.67240618502812,Potential Reassignment,Acceptable
Everlasting Gobstopper,Secret Factory,Wicked Choccy's,Gulf,Standard Class,1382.5766785250728,64.32903639470942,4.445972929084455,260.0116889313364,14.65992328020145,4.257808862306258,30.74219113769374,2.742191137693741,9.793539777477646,897.8239432041659,43.75824660304586,Potential Reassignment,Acceptable
Everlasting Gobstopper,Secret Factory,Sugar Shack,Interior,First Class,1388.976011457021,101.74011679034015,6.82491554645996,235.25726799156945,23.0655457098506,3.2628504672897196,31.73714953271028,3.73714953271028,13.346962616822427,1018.4239278200666,100.0,Potential Reassignment,Acceptable
Everlasting Gobstopper,Secret Factory,Lot's O' Nuts,Interior,First Class,1424.0112818431644,66.70484640419681,4.4746846928275925,258.4114381726021,15.493607709266346,3.8530869729270822,31.14691302707292,3.1469130270729195,11.238975096688998,1652.3798078410057,56.55251414606583,Potential Reassignment,Acceptable
Everlasting Gobstopper,Secret Factory,Wicked Choccy's,Interior,First Class,1426.3870918526518,64.32903639470942,4.315310955301814,266.03206567220985,13.00148993949,4.257808862306258,30.74219113769374,2.742191137693741,9.793539777477646,1472.986345145029,50.15251483305663,Potential Reassignment,Acceptable
Everlasting Gobstopper,Secret Factory,Sugar Shack,Interior,Same Day,1374.3346639181714,101.74011679034015,6.892612631827853,235.25726799156945,23.0655457098506,3.2628504672897196,31.73714953271028,3.73714953271028,13.346962616822427,1018.4239278200666,100.0,Potential Reassignment,Acceptable
Everlasting Gobstopper,Secret Factory,Lot's O' Nuts,Interior,Same Day,1409.3699343043147,66.70484640419681,4.519069580755162,258.4114381726021,15.493607709266346,3.8530869729270822,31.14691302707292,3.1469130270729195,11.238975096688998,1652.3798078410057,56.55251414606583,Potential Reassignment,Acceptable
Everlasting Gobstopper,Secret Factory,Wicked Choccy's,Interior,Same Day,1411.745744313802,64.32903639470942,4.358114997658294,266.03206567220985,13.00148993949,4.257808862306258,30.74219113769374,2.742191137693741,9.793539777477646,1472.986345145029,50.15251483305663,Potential Reassignment,Acceptable
Everlasting Gobstopper,Secret Factory,Sugar Shack,Interior,Second Class,1376.7373012405033,101.74011679034015,6.881411616407772,235.25726799156945,23.0655457098506,3.2628504672897196,31.73714953271028,3.73714953271028,13.346962616822427,1018.4239278200666,100.0,Potential Reassignment,Acceptable
Everlasting Gobstopper,Secret Factory,Lot's O' Nuts,Interior,Second Class,1411.7725716266466,66.70484640419681,4.511725751823775,258.4114381726021,15.493607709266346,3.8530869729270822,31.14691302707292,3.1469130270729195,11.238975096688998,1652.3798078410057,56.55251414606598,Potential Reassignment,Acceptable
Everlasting Gobstopper,Secret Factory,Wicked Choccy's,Interior,Second Class,1414.148381636134,64.32903639470942,4.35103273206486,266.03206567220985,13.00148993949,4.257808862306258,30.74219113769374,2.742191137693741,9.793539777477646,1472.986345145029,50.152514833056784,Potential Reassignment,Acceptable
Everlasting Gobstopper,Secret Factory,Sugar Shack,Interior,Standard Class,1365.3541682898772,101.74011679034038,6.934804247075194,235.25726799156945,23.0655457098506,3.2628504672897196,31.73714953271028,3.73714953271028,13.346962616822427,1018.4239278200666,100.0,Potential Reassignment,Acceptable
Everlasting Gobstopper,Secret Factory,Lot's O' Nuts,Interior,Standard Class,1400.3894386760205,66.70484640419704,4.546732073225257,258.4114381726021,15.493607709266346,3.8530869729270822,31.14691302707292,3.1469130270729195,11.238975096688998,1652.3798078410057,56.55251414606599,Potential Reassignment,Acceptable
Everlasting Gobstopper,Secret Factory,Wicked Choccy's,Interior,Standard Class,1402.7652486855081,64.32903639470942,4.384792241978643,266.03206567220985,13.00148993949,4.257808862306258,30.74219113769374,2.742191137693741,9.793539777477646,1472.986345145029,50.15251483305657,Potential Reassignment,Acceptable
Everlasting Gobstopper,Secret Factory,Sugar Shack,Pacific,First Class,1387.4395777938926,101.74011679034015,6.831957027103113,210.15549798502377,26.744946567827228,3.2628504672897196,31.73714953271028,3.73714953271028,13.346962616822427,2294.990439990625,100.0,Potential Reassignment,Acceptable
Everlasting Gobstopper,Secret Factory,Lot's O' Nuts,Pacific,First Class,1422.474848180036,66.70484640419681,4.47930136616725,266.9248942448598,6.956527058465485,3.8530869729270822,31.14691302707292,3.1469130270729195,11.238975096688998,878.5208852512897,42.56605257570627,Potential Reassignment,Acceptable
Everlasting Gobstopper,Secret Factory,Wicked Choccy's,Pacific,First Class,1424.8506581895233,64.32903639470942,4.319763197729444,266.21497467024545,7.2039876144325925,4.257808862306258,30.74219113769374,2.742191137693741,9.793539777477646,3580.9141948722836,38.73699926266265,Potential Reassignment,Acceptable
Everlasting Gobstopper,Secret Factory,Sugar Shack,Pacific,Same Day,1372.7982302550429,101.74011679034015,6.899794569208908,210.15549798502377,26.744946567827228,3.2628504672897196,31.73714953271028,3.73714953271028,13.346962616822427,2294.990439990625,100.0,Potential Reassignment,Acceptable
Everlasting Gobstopper,Secret Factory,Lot's O' Nuts,Pacific,Same Day,1407.8335006411862,66.70484640419681,4.523778343090035,266.9248942448598,6.956527058465485,3.8530869729270822,31.14691302707292,3.1469130270729195,11.238975096688998,878.5208852512897,42.56605257570628,Potential Reassignment,Acceptable
Everlasting Gobstopper,Secret Factory,Wicked Choccy's,Pacific,Same Day,1410.2093106506736,64.32903639470942,4.362656049170182,266.21497467024545,7.2039876144325925,4.257808862306258,30.74219113769374,2.742191137693741,9.793539777477646,3580.9141948722836,38.73699926266265,Potential Reassignment,Acceptable
Everlasting Gobstopper,Secret Factory,Sugar Shack,Pacific,Second Class,1375.2008675773748,101.74011679034038,6.888570218253898,210.15549798502377,26.744946567827228,3.2628504672897196,31.73714953271028,3.73714953271028,13.346962616822427,2294.990439990625,100.0,Potential Reassignment,Acceptable
Everlasting Gobstopper,Secret Factory,Lot's O' Nuts,Pacific,Second Class,1410.236137963518,66.70484640419704,4.516419214458571,266.9248942448598,6.956527058465485,3.8530869729270822,31.14691302707292,3.1469130270729195,11.238975096688998,878.5208852512897,42.56605257570628,Potential Reassignment,Acceptable
Everlasting Gobstopper,Secret Factory,Wicked Choccy's,Pacific,Second Class,1412.6119479730057,64.32903639470942,4.355559028802289,266.21497467024545,7.2039876144325925,4.257808862306258,30.74219113769374,2.742191137693741,9.793539777477646,3580.9141948722836,38.73699926266243,Potential Reassignment,Acceptable
Everlasting Gobstopper,Secret Factory,Sugar Shack,Pacific,Standard Class,1363.817734626749,101.74011679034015,6.9420744252411986,210.15549798502377,26.744946567827228,3.2628504672897196,31.73714953271028,3.73714953271028,13.346962616822427,2294.990439990625,100.0,Potential Reassignment,Acceptable
Everlasting Gobstopper,Secret Factory,Lot's O' Nuts,Pacific,Standard Class,1398.8530050128923,66.70484640419681,4.5514986897104075,266.9248942448598,6.956527058465485,3.8530869729270822,31.14691302707292,3.1469130270729195,11.238975096688998,878.5208852512897,42.56605257570627,Potential Reassignment,Acceptable
Everlasting Gobstopper,Secret Factory,Wicked Choccy's,Pacific,Standard Class,1401.2288150223796,64.32903639470942,4.389389087063869,266.21497467024545,7.2039876144325925,4.257808862306258,30.74219113769374,2.742191137693741,9.793539777477646,3580.9141948722836,38.73699926266265,Potential Reassignment,Acceptable
Fizzy Lifting Drinks,Sugar Shack,Lot's O' Nuts,Atlantic,First Class,1391.7728203441443,-35.03527038614334,-2.5823174413671888,255.74106237686206,6.870130054846099,3.8530869729270822,9.271913027072918,1.3969130270729178,17.73857812156086,3313.279674146417,69.25187325413023,Do Not Reassign,Acceptable
Fizzy Lifting Drinks,Sugar Shack,Wicked Choccy's,Atlantic,First Class,1394.1486303536317,-37.411080395630734,-2.7574294230147034,255.1409819527574,7.088653475895895,4.257808862306258,8.867191137693741,0.9921911376937409,12.599252542142741,966.7174915154925,68.29596904410192,Do Not Reassign,Acceptable
Fizzy Lifting Drinks,Sugar Shack,Secret Factory,Atlantic,First Class,1458.477666748341,-101.74011679034015,-7.49887970547359,276.9399222084468,-0.8495808150171271,2.4392638036809817,10.685736196319018,2.8107361963190183,35.69188820722563,1290.869670067162,54.49999999999999,Do Not Reassign,Higher variability risk
Fizzy Lifting Drinks,Sugar Shack,Lot's O' Nuts,Atlantic,Same Day,1377.1314728052946,-35.03527038614334,-2.610488750582236,255.74106237686206,6.870130054846099,3.8530869729270822,9.271913027072918,1.3969130270729178,17.73857812156086,3313.279674146417,69.25187325413023,Do Not Reassign,Acceptable
Fizzy Lifting Drinks,Sugar Shack,Wicked Choccy's,Atlantic,Same Day,1379.507282814782,-37.411080395630734,-2.7875110836463604,255.1409819527574,7.088653475895895,4.257808862306258,8.867191137693741,0.9921911376937409,12.599252542142741,966.7174915154925,68.29596904410192,Do Not Reassign,Acceptable
Fizzy Lifting Drinks,Sugar Shack,Secret Factory,Atlantic,Same Day,1443.8363192094914,-101.74011679034015,-7.580687331277137,276.9399222084468,-0.8495808150171271,2.4392638036809817,10.685736196319018,2.8107361963190183,35.69188820722563,1290.869670067162,54.49999999999999,Do Not Reassign,Higher variability risk
Fizzy Lifting Drinks,Sugar Shack,Lot's O' Nuts,Atlantic,Second Class,1379.5341101276265,-35.03527038614334,-2.605823772438497,255.74106237686206,6.870130054846099,3.8530869729270822,9.271913027072918,1.3969130270729178,17.73857812156086,3313.279674146417,69.25187325413023,Do Not Reassign,Acceptable
Fizzy Lifting Drinks,Sugar Shack,Wicked Choccy's,Atlantic,Second Class,1381.9099201371139,-37.411080395630734,-2.782529764237211,255.1409819527574,7.088653475895895,4.257808862306258,8.867191137693741,0.9921911376937409,12.599252542142741,966.7174915154925,68.29596904410192,Do Not Reassign,Acceptable
Fizzy Lifting Drinks,Sugar Shack,Secret Factory,Atlantic,Second Class,1446.2389565318233,-101.74011679034015,-7.567140542114748,276.9399222084468,-0.8495808150171271,2.4392638036809817,10.685736196319018,2.8107361963190183,35.69188820722563,1290.869670067162,54.49999999999999,Do Not Reassign,Higher variability risk
Fizzy Lifting Drinks,Sugar Shack,Lot's O' Nuts,Atlantic,Standard Class,1368.1509771770006,-35.035270386143566,-2.62807423299229,255.74106237686206,6.870130054846099,3.8530869729270822,9.271913027072918,1.3969130270729178,17.73857812156086,3313.279674146417,69.25187325413023,Do Not Reassign,Acceptable
Fizzy Lifting Drinks,Sugar Shack,Wicked Choccy's,Atlantic,Standard Class,1370.526787186488,-37.41108039563096,-2.806289071913254,255.1409819527574,7.088653475895895,4.257808862306258,8.867191137693741,0.9921911376937409,12.599252542142741,966.7174915154925,68.29596904410192,Do Not Reassign,Acceptable
Fizzy Lifting Drinks,Sugar Shack,Secret Factory,Atlantic,Standard Class,1434.8558235811975,-101.74011679034038,-7.63175441352006,276.9399222084468,-0.8495808150171271,2.4392638036809817,10.685736196319018,2.8107361963190183,35.69188820722563,1290.869670067162,54.49999999999999,Do Not Reassign,Higher variability risk
Fizzy Lifting Drinks,Sugar Shack,Secret Factory,Gulf,First Class,1445.1068801444476,-101.74011679034015,-7.573517490958034,304.67712114326554,-44.775669967043605,2.4392638036809817,10.685736196319018,2.8107361963190183,35.69188820722563,1329.3492378052736,64.99999999999999,Do Not Reassign,Higher variability risk
Fizzy Lifting Drinks,Sugar Shack,Lot's O' Nuts,Gulf,First Class,1378.4020337402508,-35.03527038614334,-2.608019741285511,266.87888223426404,-26.814802603288072,3.8530869729270822,9.271913027072918,1.3969130270729178,17.73857812156086,2100.5308123042055,59.39924469888345,Do Not Reassign,Higher variability risk
Fizzy Lifting Drinks,Sugar Shack,Wicked Choccy's,Gulf,First Class,1380.7778437497382,-37.411080395630734,-2.784874646014246,260.0116889313364,-23.551667821477356,4.257808862306258,8.867191137693741,0.9921911376937409,12.599252542142741,897.8239432041659,57.79596904410194,Do Not Reassign,Higher variability risk
Fizzy Lifting Drinks,Sugar Shack,Secret Factory,Gulf,Same Day,1430.465532605598,-101.74011679034015,-7.656970776608206,304.67712114326554,-44.775669967043605,2.4392638036809817,10.685736196319018,2.8107361963190183,35.69188820722563,1329.3492378052736,64.99999999999999,Do Not Reassign,Higher variability risk
Fizzy Lifting Drinks,Sugar Shack,Lot's O' Nuts,Gulf,Same Day,1363.760686201401,-35.03527038614334,-2.636757750633299,266.87888223426404,-26.814802603288072,3.8530869729270822,9.271913027072918,1.3969130270729178,17.73857812156086,2100.5308123042055,59.39924469888345,Do Not Reassign,Higher variability risk
Fizzy Lifting Drinks,Sugar Shack,Wicked Choccy's,Gulf,Same Day,1366.1364962108885,-37.411080395630734,-2.815561435819804,260.0116889313364,-23.551667821477356,4.257808862306258,8.867191137693741,0.9921911376937409,12.599252542142741,897.8239432041659,57.79596904410194,Do Not Reassign,Higher variability risk
Fizzy Lifting Drinks,Sugar Shack,Secret Factory,Gulf,Second Class,1432.8681699279298,-101.74011679034015,-7.643150225143964,304.67712114326554,-44.775669967043605,2.4392638036809817,10.685736196319018,2.8107361963190183,35.69188820722563,1329.3492378052736,64.99999999999999,Do Not Reassign,Higher variability risk
Fizzy Lifting Drinks,Sugar Shack,Lot's O' Nuts,Gulf,Second Class,1366.163323523733,-35.03527038614334,-2.6319984995855226,266.87888223426404,-26.814802603288072,3.8530869729270822,9.271913027072918,1.3969130270729178,17.73857812156086,2100.5308123042055,59.39924469888345,Do Not Reassign,Higher variability risk
Fizzy Lifting Drinks,Sugar Shack,Wicked Choccy's,Gulf,Second Class,1368.5391335332204,-37.411080395630734,-2.810479450677147,260.0116889313364,-23.551667821477356,4.257808862306258,8.867191137693741,0.9921911376937409,12.599252542142741,897.8239432041659,57.79596904410194,Do Not Reassign,Higher variability risk
Fizzy Lifting Drinks,Sugar Shack,Secret Factory,Gulf,Standard Class,1421.485036977304,-101.74011679034038,-7.709074324448031,304.67712114326554,-44.775669967043605,2.4392638036809817,10.685736196319018,2.8107361963190183,35.69188820722563,1329.3492378052736,64.99999999999999,Do Not Reassign,Higher variability risk
Fizzy Lifting Drinks,Sugar Shack,Lot's O' Nuts,Gulf,Standard Class,1354.780190573107,-35.03527038614334,-2.654700150782169,266.87888223426404,-26.814802603288072,3.8530869729270822,9.271913027072918,1.3969130270729178,17.73857812156086,2100.5308123042055,59.39924469888345,Do Not Reassign,Higher variability risk
Fizzy Lifting Drinks,Sugar Shack,Wicked Choccy's,Gulf,Standard Class,1357.1560005825945,-37.41108039563096,-2.8347205451134503,260.0116889313364,-23.551667821477356,4.257808862306258,8.867191137693741,0.9921911376937409,12.599252542142741,897.8239432041659,57.79596904410194,Do Not Reassign,Higher variability risk
Fizzy Lifting Drinks,Sugar Shack,Secret Factory,Interior,First Class,1465.295450304883,-101.74011679034038,-7.46138526906032,305.78922039834566,-29.980775093122208,2.4392638036809817,10.685736196319018,2.8107361963190183,35.69188820722563,464.37744638282044,64.99999999999999,Do Not Reassign,Higher variability risk
Fizzy Lifting Drinks,Sugar Shack,Lot's O' Nuts,Interior,First Class,1398.590603900686,-35.03527038614334,-2.5694058411139413,258.4114381726021,-9.842063702730073,3.8530869729270822,9.271913027072918,1.3969130270729178,17.73857812156086,1652.3798078410057,59.39924469888345,Do Not Reassign,Higher variability risk
Fizzy Lifting Drinks,Sugar Shack,Wicked Choccy's,Interior,First Class,1400.9664139101735,-37.41108039563096,-2.743642261968532,266.03206567220985,-13.0813376961188,4.257808862306258,8.867191137693741,0.9921911376937409,12.599252542142741,1472.986345145029,57.79596904410194,Do Not Reassign,Higher variability risk
Fizzy Lifting Drinks,Sugar Shack,Secret Factory,Interior,Same Day,1450.6541027660332,-101.74011679034038,-7.54237244539725,305.78922039834566,-29.980775093122208,2.4392638036809817,10.685736196319018,2.8107361963190183,35.69188820722563,464.37744638282044,64.99999999999999,Do Not Reassign,Higher variability risk
Fizzy Lifting Drinks,Sugar Shack,Lot's O' Nuts,Interior,Same Day,1383.9492563618362,-35.03527038614334,-2.5972946199977103,258.4114381726021,-9.842063702730073,3.8530869729270822,9.271913027072918,1.3969130270729178,17.73857812156086,1652.3798078410057,59.39924469888345,Do Not Reassign,Higher variability risk
Fizzy Lifting Drinks,Sugar Shack,Wicked Choccy's,Interior,Same Day,1386.3250663713238,-37.41108039563096,-2.773422233336166,266.03206567220985,-13.0813376961188,4.257808862306258,8.867191137693741,0.9921911376937409,12.599252542142741,1472.986345145029,57.79596904410194,Do Not Reassign,Higher variability risk
Fizzy Lifting Drinks,Sugar Shack,Secret Factory,Interior,Second Class,1453.0567400883651,-101.74011679034015,-7.52896212747188,305.78922039834566,-29.980775093122208,2.4392638036809817,10.685736196319018,2.8107361963190183,35.69188820722563,464.37744638282044,64.99999999999999,Do Not Reassign,Higher variability risk
Fizzy Lifting Drinks,Sugar Shack,Lot's O' Nuts,Interior,Second Class,1386.3518936841683,-35.03527038614334,-2.5926766371478664,258.4114381726021,-9.842063702730073,3.8530869729270822,9.271913027072918,1.3969130270729178,17.73857812156086,1652.3798078410057,59.39924469888345,Do Not Reassign,Higher variability risk
Fizzy Lifting Drinks,Sugar Shack,Wicked Choccy's,Interior,Second Class,1388.7277036936557,-37.411080395630734,-2.7684910960634235,266.03206567220985,-13.0813376961188,4.257808862306258,8.867191137693741,0.9921911376937409,12.599252542142741,1472.986345145029,57.79596904410194,Do Not Reassign,Higher variability risk
Fizzy Lifting Drinks,Sugar Shack,Secret Factory,Interior,Standard Class,1441.673607137739,-101.74011679034015,-7.592922896789632,305.78922039834566,-29.980775093122208,2.4392638036809817,10.685736196319018,2.8107361963190183,35.69188820722563,464.37744638282044,64.99999999999999,Do Not Reassign,Higher variability risk
Fizzy Lifting Drinks,Sugar Shack,Lot's O' Nuts,Interior,Standard Class,1374.9687607335422,-35.03527038614334,-2.614702195185814,258.4114381726021,-9.842063702730073,3.8530869729270822,9.271913027072918,1.3969130270729178,17.73857812156086,1652.3798078410057,59.39924469888345,Do Not Reassign,Higher variability risk
Fizzy Lifting Drinks,Sugar Shack,Wicked Choccy's,Interior,Standard Class,1377.3445707430296,-37.411080395630734,-2.7920102501454247,266.03206567220985,-13.0813376961188,4.257808862306258,8.867191137693741,0.9921911376937409,12.599252542142741,1472.986345145029,57.79596904410194,Do Not Reassign,Higher variability risk
Fizzy Lifting Drinks,Sugar Shack,Secret Factory,Pacific,First Class,1463.7590166417544,-101.74011679034015,-7.469802129870534,286.8819120848882,-36.509353709762166,2.4392638036809817,10.685736196319018,2.8107361963190183,35.69188820722563,2570.299818307878,64.99999999999999,Do Not Reassign,Higher variability risk
Fizzy Lifting Drinks,Sugar Shack,Lot's O' Nuts,Pacific,First Class,1397.0541702375576,-35.03527038614334,-2.5723042749234546,266.9248942448598,-27.0130435816062,3.8530869729270822,9.271913027072918,1.3969130270729178,17.73857812156086,878.5208852512897,59.39924469888345,Do Not Reassign,Higher variability risk
Fizzy Lifting Drinks,Sugar Shack,Wicked Choccy's,Pacific,First Class,1399.429980247045,-37.411080395630734,-2.7467372442270803,266.21497467024545,-26.67523677596892,4.257808862306258,8.867191137693741,0.9921911376937409,12.599252542142741,3580.9141948722836,57.79596904410194,Do Not Reassign,Higher variability risk
Fizzy Lifting Drinks,Sugar Shack,Secret Factory,Pacific,Same Day,1449.1176691029048,-101.74011679034015,-7.550973119280415,286.8819120848882,-36.509353709762166,2.4392638036809817,10.685736196319018,2.8107361963190183,35.69188820722563,2570.299818307878,64.99999999999999,Do Not Reassign,Higher variability risk
Fizzy Lifting Drinks,Sugar Shack,Lot's O' Nuts,Pacific,Same Day,1382.412822698708,-35.03527038614334,-2.6002563517561006,266.9248942448598,-27.0130435816062,3.8530869729270822,9.271913027072918,1.3969130270729178,17.73857812156086,878.5208852512897,59.39924469888345,Do Not Reassign,Higher variability risk
Fizzy Lifting Drinks,Sugar Shack,Wicked Choccy's,Pacific,Same Day,1384.7886327081953,-37.411080395630734,-2.7765848059009457,266.21497467024545,-26.67523677596892,4.257808862306258,8.867191137693741,0.9921911376937409,12.599252542142741,3580.9141948722836,57.79596904410194,Do Not Reassign,Higher variability risk
Fizzy Lifting Drinks,Sugar Shack,Secret Factory,Pacific,Second Class,1451.5203064252366,-101.74011679034015,-7.537532227218414,286.8819120848882,-36.509353709762166,2.4392638036809817,10.685736196319018,2.8107361963190183,35.69188820722563,2570.299818307878,64.99999999999999,Do Not Reassign,Higher variability risk
Fizzy Lifting Drinks,Sugar Shack,Lot's O' Nuts,Pacific,Second Class,1384.8154600210398,-35.03527038614334,-2.5956278403834085,266.9248942448598,-27.0130435816062,3.8530869729270822,9.271913027072918,1.3969130270729178,17.73857812156086,878.5208852512897,59.39924469888345,Do Not Reassign,Higher variability risk
Fizzy Lifting Drinks,Sugar Shack,Wicked Choccy's,Pacific,Second Class,1387.1912700305272,-37.411080395630734,-2.7716424261457044,266.21497467024545,-26.67523677596892,4.257808862306258,8.867191137693741,0.9921911376937409,12.599252542142741,3580.9141948722836,57.79596904410194,Do Not Reassign,Higher variability risk
Fizzy Lifting Drinks,Sugar Shack,Secret Factory,Pacific,Standard Class,1440.1371734746108,-101.74011679034038,-7.6016393104143685,286.8819120848882,-36.509353709762166,2.4392638036809817,10.685736196319018,2.8107361963190183,35.69188820722563,2570.299818307878,64.99999999999999,Do Not Reassign,Higher variability risk
Fizzy Lifting Drinks,Sugar Shack,Lot's O' Nuts,Pacific,Standard Class,1373.4323270704137,-35.03527038614334,-2.6177037831313914,266.9248942448598,-27.0130435816062,3.8530869729270822,9.271913027072918,1.3969130270729178,17.73857812156086,878.5208852512897,59.39924469888345,Do Not Reassign,Higher variability risk
Fizzy Lifting Drinks,Sugar Shack,Wicked Choccy's,Pacific,Standard Class,1375.8081370799014,-37.41108039563096,-2.795215381623204,266.21497467024545,-26.67523677596892,4.257808862306258,8.867191137693741,0.9921911376937409,12.599252542142741,3580.9141948722836,57.79596904410194,Do Not Reassign,Higher variability risk
Fun Dip,Sugar Shack,Lot's O' Nuts,Atlantic,First Class,1334.074876470403,-35.03527038614334,-2.697013256720584,255.74106237686206,6.870130054846099,3.302645976794642,1.1973540232053579,-0.6026459767946419,-33.48033204414678,3313.279674146417,69.25187325413022,Do Not Reassign,Acceptable
Fun Dip,Sugar Shack,Wicked Choccy's,Atlantic,First Class,1336.4506864798907,-37.41108039563096,-2.8799029852831417,255.1409819527574,7.088653475895895,3.649550453405364,0.850449546594636,-0.9495504534053638,-52.752802966964666,966.7174915154925,68.29596904410192,Do Not Reassign,Acceptable
Fun Dip,Sugar Shack,Secret Factory,Atlantic,First Class,1400.7797228745999,-101.74011679034015,-7.831948796158643,276.9399222084468,-0.8495808150171271,2.0907975460122703,2.4092024539877297,0.6092024539877299,33.844580777096105,1290.869670067162,54.49999999999999,Do Not Reassign,Higher variability risk
Fun Dip,Sugar Shack,Lot's O' Nuts,Atlantic,Same Day,1319.4335289315534,-35.03527038614334,-2.7277575435068733,255.74106237686206,6.870130054846099,3.302645976794642,1.1973540232053579,-0.6026459767946419,-33.48033204414678,3313.279674146417,69.25187325413022,Do Not Reassign,Acceptable
Fun Dip,Sugar Shack,Wicked Choccy's,Atlantic,Same Day,1321.809338941041,-37.41108039563096,-2.9127321021128814,255.1409819527574,7.088653475895895,3.649550453405364,0.850449546594636,-0.9495504534053638,-52.752802966964666,966.7174915154925,68.29596904410192,Do Not Reassign,Acceptable
Fun Dip,Sugar Shack,Secret Factory,Atlantic,Same Day,1386.1383753357504,-101.74011679034038,-7.9212281793002255,276.9399222084468,-0.8495808150171271,2.0907975460122703,2.4092024539877297,0.6092024539877299,33.844580777096105,1290.869670067162,54.49999999999999,Do Not Reassign,Higher variability risk
Fun Dip,Sugar Shack,Lot's O' Nuts,Atlantic,Second Class,1321.8361662538855,-35.03527038614334,-2.7226644385041117,255.74106237686206,6.870130054846099,3.302645976794642,1.1973540232053579,-0.6026459767946419,-33.48033204414678,3313.279674146417,69.25187325413022,Do Not Reassign,Acceptable
Fun Dip,Sugar Shack,Wicked Choccy's,Atlantic,Second Class,1324.211976263373,-37.411080395630734,-2.9072936237274627,255.1409819527574,7.088653475895895,3.649550453405364,0.850449546594636,-0.9495504534053638,-52.752802966964666,966.7174915154925,68.29596904410192,Do Not Reassign,Acceptable
Fun Dip,Sugar Shack,Secret Factory,Atlantic,Second Class,1388.5410126580823,-101.74011679034015,-7.906438137947724,276.9399222084468,-0.8495808150171271,2.0907975460122703,2.4092024539877297,0.6092024539877299,33.844580777096105,1290.869670067162,54.49999999999999,Do Not Reassign,Higher variability risk
Fun Dip,Sugar Shack,Lot's O' Nuts,Atlantic,Standard Class,1310.4530333032594,-35.03527038614334,-2.7469642814140522,255.74106237686206,6.870130054846099,3.302645976794642,1.1973540232053579,-0.6026459767946419,-33.48033204414678,3313.279674146417,69.25187325413022,Do Not Reassign,Acceptable
Fun Dip,Sugar Shack,Wicked Choccy's,Atlantic,Standard Class,1312.8288433127468,-37.411080395630734,-2.933241286373861,255.1409819527574,7.088653475895895,3.649550453405364,0.850449546594636,-0.9495504534053638,-52.752802966964666,966.7174915154925,68.29596904410192,Do Not Reassign,Acceptable
Fun Dip,Sugar Shack,Secret Factory,Atlantic,Standard Class,1377.1578797074562,-101.74011679034015,-7.9770032806852,276.9399222084468,-0.8495808150171271,2.0907975460122703,2.4092024539877297,0.6092024539877299,33.844580777096105,1290.869670067162,54.49999999999999,Do Not Reassign,Higher variability risk
Fun Dip,Sugar Shack,Secret Factory,Gulf,First Class,1387.4089362707064,-101.74011679034015,-7.913400033413026,304.67712114326554,-44.775669967043605,2.0907975460122703,2.4092024539877297,0.6092024539877299,33.844580777096105,1329.3492378052736,64.99999999999999,Do Not Reassign,Higher variability risk
Fun Dip,Sugar Shack,Lot's O' Nuts,Gulf,First Class,1320.7040898665095,-35.03527038614334,-2.7250618398215245,266.87888223426404,-26.814802603288072,3.302645976794642,1.1973540232053579,-0.6026459767946419,-33.48033204414678,2100.5308123042055,59.39924469888345,Do Not Reassign,Higher variability risk
Fun Dip,Sugar Shack,Wicked Choccy's,Gulf,First Class,1323.0798998759972,-37.41108039563096,-2.9098535975035578,260.0116889313364,-23.551667821477356,3.649550453405364,0.850449546594636,-0.9495504534053638,-52.752802966964666,897.8239432041659,57.79596904410194,Do Not Reassign,Higher variability risk
Fun Dip,Sugar Shack,Secret Factory,Gulf,Same Day,1372.767588731857,-101.74011679034038,-8.004556867282387,304.67712114326554,-44.775669967043605,2.0907975460122703,2.4092024539877297,0.6092024539877299,33.844580777096105,1329.3492378052736,64.99999999999999,Do Not Reassign,Higher variability risk
Fun Dip,Sugar Shack,Lot's O' Nuts,Gulf,Same Day,1306.0627423276599,-35.03527038614334,-2.7564526463481043,266.87888223426404,-26.814802603288072,3.302645976794642,1.1973540232053579,-0.6026459767946419,-33.48033204414678,2100.5308123042055,59.39924469888345,Do Not Reassign,Higher variability risk
Fun Dip,Sugar Shack,Wicked Choccy's,Gulf,Same Day,1308.4385523371475,-37.41108039563096,-2.943373075837998,260.0116889313364,-23.551667821477356,3.649550453405364,0.850449546594636,-0.9495504534053638,-52.752802966964666,897.8239432041659,57.79596904410194,Do Not Reassign,Higher variability risk
Fun Dip,Sugar Shack,Secret Factory,Gulf,Second Class,1375.1702260541888,-101.74011679034015,-7.989454313213516,304.67712114326554,-44.775669967043605,2.0907975460122703,2.4092024539877297,0.6092024539877299,33.844580777096105,1329.3492378052736,64.99999999999999,Do Not Reassign,Higher variability risk
Fun Dip,Sugar Shack,Lot's O' Nuts,Gulf,Second Class,1308.465379649992,-35.03527038614334,-2.751251924331891,266.87888223426404,-26.814802603288072,3.302645976794642,1.1973540232053579,-0.6026459767946419,-33.48033204414678,2100.5308123042055,59.39924469888345,Do Not Reassign,Higher variability risk
Fun Dip,Sugar Shack,Wicked Choccy's,Gulf,Second Class,1310.8411896594794,-37.411080395630734,-2.937819682719575,260.0116889313364,-23.551667821477356,3.649550453405364,0.850449546594636,-0.9495504534053638,-52.752802966964666,897.8239432041659,57.79596904410194,Do Not Reassign,Higher variability risk
Fun Dip,Sugar Shack,Secret Factory,Gulf,Standard Class,1363.7870931035627,-101.74011679034015,-8.061515831015283,304.67712114326554,-44.775669967043605,2.0907975460122703,2.4092024539877297,0.6092024539877299,33.844580777096105,1329.3492378052736,64.99999999999999,Do Not Reassign,Higher variability risk
Fun Dip,Sugar Shack,Lot's O' Nuts,Gulf,Standard Class,1297.082246699366,-35.03527038614334,-2.776067059602706,266.87888223426404,-26.814802603288072,3.302645976794642,1.1973540232053579,-0.6026459767946419,-33.48033204414678,2100.5308123042055,59.39924469888345,Do Not Reassign,Higher variability risk
Fun Dip,Sugar Shack,Wicked Choccy's,Gulf,Standard Class,1299.4580567088533,-37.411080395630734,-2.9643175807067443,260.0116889313364,-23.551667821477356,3.649550453405364,0.850449546594636,-0.9495504534053638,-52.752802966964666,897.8239432041659,57.79596904410194,Do Not Reassign,Higher variability risk
Fun Dip,Sugar Shack,Secret Factory,Interior,First Class,1407.5975064311417,-101.74011679034015,-7.791058778503028,305.78922039834566,-29.980775093122208,2.0907975460122703,2.4092024539877297,0.6092024539877299,33.844580777096105,464.37744638282044,64.99999999999999,Do Not Reassign,Higher variability risk
Fun Dip,Sugar Shack,Lot's O' Nuts,Interior,First Class,1340.892660026945,-35.03527038614334,-2.682932352649962,258.4114381726021,-9.842063702730073,3.302645976794642,1.1973540232053579,-0.6026459767946419,-33.48033204414678,1652.3798078410057,59.39924469888345,Do Not Reassign,Higher variability risk
Fun Dip,Sugar Shack,Wicked Choccy's,Interior,First Class,1343.2684700364323,-37.411080395630734,-2.8648672276473692,266.03206567220985,-13.0813376961188,3.649550453405364,0.850449546594636,-0.9495504534053638,-52.752802966964666,1472.986345145029,57.79596904410194,Do Not Reassign,Higher variability risk
Fun Dip,Sugar Shack,Secret Factory,Interior,Same Day,1392.956158892292,-101.74011679034015,-7.879403095450928,305.78922039834566,-29.980775093122208,2.0907975460122703,2.4092024539877297,0.6092024539877299,33.844580777096105,464.37744638282044,64.99999999999999,Do Not Reassign,Higher variability risk
Fun Dip,Sugar Shack,Lot's O' Nuts,Interior,Same Day,1326.2513124880952,-35.03527038614334,-2.7133546396395394,258.4114381726021,-9.842063702730073,3.302645976794642,1.1973540232053579,-0.6026459767946419,-33.48033204414678,1652.3798078410057,59.39924469888345,Do Not Reassign,Higher variability risk
Fun Dip,Sugar Shack,Wicked Choccy's,Interior,Same Day,1328.6271224975826,-37.411080395630734,-2.897352509246228,266.03206567220985,-13.0813376961188,3.649550453405364,0.850449546594636,-0.9495504534053638,-52.752802966964666,1472.986345145029,57.79596904410194,Do Not Reassign,Higher variability risk
Fun Dip,Sugar Shack,Secret Factory,Interior,Second Class,1395.3587962146241,-101.74011679034038,-7.864768684046765,305.78922039834566,-29.980775093122208,2.0907975460122703,2.4092024539877297,0.6092024539877299,33.844580777096105,464.37744638282044,64.99999999999999,Do Not Reassign,Higher variability risk
Fun Dip,Sugar Shack,Lot's O' Nuts,Interior,Second Class,1328.653949810427,-35.03527038614334,-2.7083151274327264,258.4114381726021,-9.842063702730073,3.302645976794642,1.1973540232053579,-0.6026459767946419,-33.48033204414678,1652.3798078410057,59.39924469888345,Do Not Reassign,Higher variability risk
Fun Dip,Sugar Shack,Wicked Choccy's,Interior,Second Class,1331.0297598199147,-37.41108039563096,-2.8919712578888013,266.03206567220985,-13.0813376961188,3.649550453405364,0.850449546594636,-0.9495504534053638,-52.752802966964666,1472.986345145029,57.79596904410194,Do Not Reassign,Higher variability risk
Fun Dip,Sugar Shack,Secret Factory,Interior,Standard Class,1383.975663263998,-101.74011679034015,-7.934588700971588,305.78922039834566,-29.980775093122208,2.0907975460122703,2.4092024539877297,0.6092024539877299,33.844580777096105,464.37744638282044,64.99999999999999,Do Not Reassign,Higher variability risk
Fun Dip,Sugar Shack,Lot's O' Nuts,Interior,Standard Class,1317.2708168598012,-35.03527038614334,-2.732358378497277,258.4114381726021,-9.842063702730073,3.302645976794642,1.1973540232053579,-0.6026459767946419,-33.48033204414678,1652.3798078410057,59.39924469888345,Do Not Reassign,Higher variability risk
Fun Dip,Sugar Shack,Wicked Choccy's,Interior,Standard Class,1319.6466268692886,-37.411080395630734,-2.9176449286963595,266.03206567220985,-13.0813376961188,3.649550453405364,0.850449546594636,-0.9495504534053638,-52.752802966964666,1472.986345145029,57.79596904410194,Do Not Reassign,Higher variability risk
Fun Dip,Sugar Shack,Secret Factory,Pacific,First Class,1406.0610727680132,-101.74011679034015,-7.800236308714319,286.8819120848882,-36.509353709762166,2.0907975460122703,2.4092024539877297,0.6092024539877299,33.844580777096105,2570.299818307878,64.99999999999999,Do Not Reassign,Higher variability risk
Fun Dip,Sugar Shack,Lot's O' Nuts,Pacific,First Class,1339.3562263638164,-35.03527038614334,-2.686092730901662,266.9248942448598,-27.0130435816062,3.302645976794642,1.1973540232053579,-0.6026459767946419,-33.48033204414678,878.5208852512897,59.39924469888345,Do Not Reassign,Higher variability risk
Fun Dip,Sugar Shack,Wicked Choccy's,Pacific,First Class,1341.7320363733038,-37.411080395630734,-2.86824191731158,266.21497467024545,-26.67523677596892,3.649550453405364,0.850449546594636,-0.9495504534053638,-52.752802966964666,3580.9141948722836,57.79596904410194,Do Not Reassign,Higher variability risk
Fun Dip,Sugar Shack,Secret Factory,Pacific,Same Day,1391.4197252291635,-101.74011679034015,-7.888790062634091,286.8819120848882,-36.509353709762166,2.0907975460122703,2.4092024539877297,0.6092024539877299,33.844580777096105,2570.299818307878,64.99999999999999,Do Not Reassign,Higher variability risk
Fun Dip,Sugar Shack,Lot's O' Nuts,Pacific,Same Day,1324.7148788249667,-35.03527038614334,-2.716587139696972,266.9248942448598,-27.0130435816062,3.302645976794642,1.1973540232053579,-0.6026459767946419,-33.48033204414678,878.5208852512897,59.39924469888345,Do Not Reassign,Higher variability risk
Fun Dip,Sugar Shack,Wicked Choccy's,Pacific,Same Day,1327.0906888344543,-37.41108039563096,-2.900804211436485,266.21497467024545,-26.67523677596892,3.649550453405364,0.850449546594636,-0.9495504534053638,-52.752802966964666,3580.9141948722836,57.79596904410194,Do Not Reassign,Higher variability risk
Fun Dip,Sugar Shack,Secret Factory,Pacific,Second Class,1393.8223625514956,-101.74011679034015,-7.874120794098974,286.8819120848882,-36.509353709762166,2.0907975460122703,2.4092024539877297,0.6092024539877299,33.844580777096105,2570.299818307878,64.99999999999999,Do Not Reassign,Higher variability risk
Fun Dip,Sugar Shack,Lot's O' Nuts,Pacific,Second Class,1327.1175161472988,-35.03527038614334,-2.7115356240735538,266.9248942448598,-27.0130435816062,3.302645976794642,1.1973540232053579,-0.6026459767946419,-33.48033204414678,878.5208852512897,59.39924469888345,Do Not Reassign,Higher variability risk
Fun Dip,Sugar Shack,Wicked Choccy's,Pacific,Second Class,1329.4933261567862,-37.411080395630734,-2.8954101426873304,266.21497467024545,-26.67523677596892,3.649550453405364,0.850449546594636,-0.9495504534053638,-52.752802966964666,3580.9141948722836,57.79596904410194,Do Not Reassign,Higher variability risk
Fun Dip,Sugar Shack,Secret Factory,Pacific,Standard Class,1382.4392296008696,-101.74011679034015,-7.944107696543076,286.8819120848882,-36.509353709762166,2.0907975460122703,2.4092024539877297,0.6092024539877299,33.844580777096105,2570.299818307878,64.99999999999999,Do Not Reassign,Higher variability risk
Fun Dip,Sugar Shack,Lot's O' Nuts,Pacific,Standard Class,1315.7343831966728,-35.03527038614334,-2.7356363439073115,266.9248942448598,-27.0130435816062,3.302645976794642,1.1973540232053579,-0.6026459767946419,-33.48033204414678,878.5208852512897,59.39924469888345,Do Not Reassign,Higher variability risk
Fun Dip,Sugar Shack,Wicked Choccy's,Pacific,Standard Class,1318.1101932061601,-37.411080395630734,-2.921145179333426,266.21497467024545,-26.67523677596892,3.649550453405364,0.850449546594636,-0.9495504534053638,-52.752802966964666,3580.9141948722836,57.79596904410194,Do Not Reassign,Higher variability risk
Hair Toffee,The Other Factory,Sugar Shack,Atlantic,First Class,1427.2061021622053,50.77506605823032,3.4354338979410732,274.60691454575556,-6.185818338552234,4.661214953271028,17.838785046728972,0.33878504672897236,1.935914552736985,1907.5144595175952,65.41353438504308,Potential Reassignment,Higher variability risk
Hair Toffee,The Other Factory,Lot's O' Nuts,Atlantic,First Class,1462.2413725483486,15.739795672086984,1.0649523830563077,255.74106237686206,1.1092854811089239,5.504409961324404,16.995590038675594,-0.5044099613244057,-2.8823426361394615,3313.279674146417,39.23325340565082,Potential Reassignment,High financial risk
Hair Toffee,The Other Factory,Wicked Choccy's,Atlantic,First Class,1464.617182557836,13.363985662599589,0.9042054086988475,255.1409819527574,1.3413263640120499,6.0825840890089395,16.41741591099106,-1.0825840890089395,-6.186194794336798,966.7174915154925,33.89678868593486,Potential Reassignment,High financial risk
Hair Toffee,The Other Factory,Sugar Shack,Atlantic,Same Day,1412.5647546233556,50.77506605823032,3.4698068993011213,274.60691454575556,-6.185818338552234,4.661214953271028,17.838785046728972,0.33878504672897236,1.935914552736985,1907.5144595175952,65.41353438504308,Potential Reassignment,Higher variability risk
Hair Toffee,The Other Factory,Lot's O' Nuts,Atlantic,Same Day,1447.600025009499,15.739795672086984,1.0756076920503532,255.74106237686206,1.1092854811089239,5.504409961324404,16.995590038675594,-0.5044099613244057,-2.8823426361394615,3313.279674146417,39.23325340565082,Potential Reassignment,High financial risk
Hair Toffee,The Other Factory,Wicked Choccy's,Atlantic,Same Day,1449.9758350189863,13.363985662599589,0.9132523747201104,255.1409819527574,1.3413263640120499,6.0825840890089395,16.41741591099106,-1.0825840890089395,-6.186194794336798,966.7174915154925,33.89678868593486,Potential Reassignment,High financial risk
Hair Toffee,The Other Factory,Sugar Shack,Atlantic,Second Class,1414.9673919456875,50.77506605823055,3.4641192100948763,274.60691454575556,-6.185818338552234,4.661214953271028,17.838785046728972,0.33878504672897236,1.935914552736985,1907.5144595175952,65.41353438504308,Potential Reassignment,Higher variability risk
Hair Toffee,The Other Factory,Lot's O' Nuts,Atlantic,Second Class,1450.0026623318308,15.739795672087212,1.073844561582942,255.74106237686206,1.1092854811089239,5.504409961324404,16.995590038675594,-0.5044099613244057,-2.8823426361394615,3313.279674146417,39.23325340565097,Potential Reassignment,High financial risk
Hair Toffee,The Other Factory,Wicked Choccy's,Atlantic,Second Class,1452.3784723413182,13.363985662599816,0.9117553762343217,255.1409819527574,1.3413263640120499,6.0825840890089395,16.41741591099106,-1.0825840890089395,-6.186194794336798,966.7174915154925,33.896788685935014,Potential Reassignment,High financial risk
Hair Toffee,The Other Factory,Sugar Shack,Atlantic,Standard Class,1403.5842589950614,50.77506605823055,3.491232543674858,274.60691454575556,-6.185818338552234,4.661214953271028,17.838785046728972,0.33878504672897236,1.935914552736985,1907.5144595175952,65.41353438504308,Potential Reassignment,Higher variability risk
Hair Toffee,The Other Factory,Lot's O' Nuts,Atlantic,Standard Class,1438.6195293812048,15.739795672087212,1.0822494414515107,255.74106237686206,1.1092854811089239,5.504409961324404,16.995590038675594,-0.5044099613244057,-2.8823426361394615,3313.279674146417,39.23325340565098,Potential Reassignment,High financial risk
Hair Toffee,The Other Factory,Wicked Choccy's,Atlantic,Standard Class,1440.9953393906924,13.363985662599589,0.918891599372108,255.1409819527574,1.3413263640120499,6.0825840890089395,16.41741591099106,-1.0825840890089395,-6.186194794336798,966.7174915154925,33.896788685934794,Potential Reassignment,High financial risk
Hair Toffee,The Other Factory,Sugar Shack,Gulf,First Class,1413.8353155583118,50.77506605823032,3.4667968147397734,210.44773697999224,23.936948808531827,4.661214953271028,17.838785046728972,0.33878504672897236,1.935914552736985,2136.7328059710176,86.41353438504308,Potential Reassignment,Acceptable
Hair Toffee,The Other Factory,Secret Factory,Gulf,First Class,1515.575432348652,-50.96505073210983,-3.4797685016992643,304.67712114326554,-10.12079195982339,3.484662576687117,19.015337423312882,1.5153374233128822,8.659070990359327,1329.3492378052736,30.0,Do Not Reassign,Higher variability risk
Hair Toffee,The Other Factory,Lot's O' Nuts,Gulf,First Class,1448.8705859444551,15.739795672086984,1.0746745939841296,266.87888223426404,3.5407917775016786,5.504409961324404,16.995590038675594,-0.5044099613244057,-2.8823426361394615,2100.5308123042055,24.972472715450227,Potential Reassignment,High financial risk
Hair Toffee,The Other Factory,Sugar Shack,Gulf,Same Day,1399.193968019462,50.77506605823032,3.501803477515485,210.44773697999224,23.936948808531827,4.661214953271028,17.838785046728972,0.33878504672897236,1.935914552736985,2136.7328059710176,86.41353438504308,Potential Reassignment,Acceptable
Hair Toffee,The Other Factory,Secret Factory,Gulf,Same Day,1500.9340848098022,-50.96505073210983,-3.5149061486356556,304.67712114326554,-10.12079195982339,3.484662576687117,19.015337423312882,1.5153374233128822,8.659070990359327,1329.3492378052736,30.0,Do Not Reassign,Higher variability risk
Hair Toffee,The Other Factory,Lot's O' Nuts,Gulf,Same Day,1434.2292384056054,15.739795672086984,1.0855263320915591,266.87888223426404,3.5407917775016786,5.504409961324404,16.995590038675594,-0.5044099613244057,-2.8823426361394615,2100.5308123042055,24.972472715450227,Potential Reassignment,High financial risk
Hair Toffee,The Other Factory,Sugar Shack,Gulf,Second Class,1401.596605341794,50.77506605823055,3.496010494977883,210.44773697999224,23.936948808531827,4.661214953271028,17.838785046728972,0.33878504672897236,1.935914552736985,2136.7328059710176,86.41353438504308,Potential Reassignment,Acceptable
Hair Toffee,The Other Factory,Secret Factory,Gulf,Second Class,1503.3367221321341,-50.9650507321096,-3.5090914905398467,304.67712114326554,-10.12079195982339,3.484662576687117,19.015337423312882,1.5153374233128822,8.659070990359327,1329.3492378052736,30.0,Do Not Reassign,Higher variability risk
Hair Toffee,The Other Factory,Lot's O' Nuts,Gulf,Second Class,1436.6318757279373,15.739795672087212,1.0837305616760424,266.87888223426404,3.5407917775016786,5.504409961324404,16.995590038675594,-0.5044099613244057,-2.8823426361394615,2100.5308123042055,24.972472715450383,Potential Reassignment,High financial risk
Hair Toffee,The Other Factory,Sugar Shack,Gulf,Standard Class,1390.213472391168,50.77506605823055,3.5236273366107387,210.44773697999224,23.936948808531827,4.661214953271028,17.838785046728972,0.33878504672897236,1.935914552736985,2136.7328059710176,86.41353438504308,Potential Reassignment,Acceptable
Hair Toffee,The Other Factory,Secret Factory,Gulf,Standard Class,1491.9535891815083,-50.96505073210983,-3.5368116658965025,304.67712114326554,-10.12079195982339,3.484662576687117,19.015337423312882,1.5153374233128822,8.659070990359327,1329.3492378052736,30.0,Do Not Reassign,Higher variability risk
Hair Toffee,The Other Factory,Lot's O' Nuts,Gulf,Standard Class,1425.2487427773112,15.739795672087212,1.0922915243326154,266.87888223426404,3.5407917775016786,5.504409961324404,16.995590038675594,-0.5044099613244057,-2.8823426361394615,2100.5308123042055,24.972472715450383,Potential Reassignment,High financial risk
Hair Toffee,The Other Factory,Sugar Shack,Interior,First Class,1434.023885718747,50.77506605823055,3.4196593415872214,235.25726799156945,22.7615500934817,4.661214953271028,17.838785046728972,0.33878504672897236,1.935914552736985,1018.4239278200666,86.41353438504308,Potential Reassignment,Acceptable
Hair Toffee,The Other Factory,Lot's O' Nuts,Interior,First Class,1469.0591561048902,15.739795672087212,1.060062418097086,258.4114381726021,15.159692650680912,5.504409961324404,16.995590038675594,-0.5044099613244057,-2.8823426361394615,1652.3798078410057,35.85258067648823,Potential Reassignment,High financial risk
Hair Toffee,The Other Factory,Secret Factory,Interior,First Class,1535.764002509087,-50.9650507321096,-3.4324546546261803,305.78922039834566,-0.3951358584054116,3.484662576687117,19.015337423312882,1.5153374233128822,8.659070990359327,464.37744638282044,30.0,Do Not Reassign,Higher variability risk
Hair Toffee,The Other Factory,Sugar Shack,Interior,Same Day,1419.3825381798972,50.77506605823055,3.453715840523333,235.25726799156945,22.7615500934817,4.661214953271028,17.838785046728972,0.33878504672897236,1.935914552736985,1018.4239278200666,86.41353438504308,Potential Reassignment,Acceptable
Hair Toffee,The Other Factory,Lot's O' Nuts,Interior,Same Day,1454.4178085660405,15.739795672087212,1.0706196142993774,258.4114381726021,15.159692650680912,5.504409961324404,16.995590038675594,-0.5044099613244057,-2.8823426361394615,1652.3798078410057,35.85258067648823,Potential Reassignment,High financial risk
Hair Toffee,The Other Factory,Secret Factory,Interior,Same Day,1521.1226549702374,-50.9650507321096,-3.466638582502245,305.78922039834566,-0.3951358584054116,3.484662576687117,19.015337423312882,1.5153374233128822,8.659070990359327,464.37744638282044,30.0,Do Not Reassign,Higher variability risk
Hair Toffee,The Other Factory,Sugar Shack,Interior,Second Class,1421.7851755022293,50.77506605823032,3.44808073891934,235.25726799156945,22.7615500934817,4.661214953271028,17.838785046728972,0.33878504672897236,1.935914552736985,1018.4239278200666,86.41353438504308,Potential Reassignment,Acceptable
Hair Toffee,The Other Factory,Lot's O' Nuts,Interior,Second Class,1456.8204458883727,15.739795672086984,1.0688727854968878,258.4114381726021,15.159692650680912,5.504409961324404,16.995590038675594,-0.5044099613244057,-2.8823426361394615,1652.3798078410057,35.85258067648808,Potential Reassignment,High financial risk
Hair Toffee,The Other Factory,Secret Factory,Interior,Second Class,1523.5252922925695,-50.96505073210983,-3.460982396081983,305.78922039834566,-0.3951358584054116,3.484662576687117,19.015337423312882,1.5153374233128822,8.659070990359327,464.37744638282044,30.0,Do Not Reassign,Higher variability risk
Hair Toffee,The Other Factory,Sugar Shack,Interior,Standard Class,1410.4020425516032,50.77506605823055,3.4749426170889053,235.25726799156945,22.7615500934817,4.661214953271028,17.838785046728972,0.33878504672897236,1.935914552736985,1018.4239278200666,86.41353438504308,Potential Reassignment,Acceptable
Hair Toffee,The Other Factory,Lot's O' Nuts,Interior,Standard Class,1445.4373129377466,15.739795672087212,1.0771997165396383,258.4114381726021,15.159692650680912,5.504409961324404,16.995590038675594,-0.5044099613244057,-2.8823426361394615,1652.3798078410057,35.85258067648823,Potential Reassignment,High financial risk
Hair Toffee,The Other Factory,Secret Factory,Interior,Standard Class,1512.1421593419434,-50.9650507321096,-3.48794478313432,305.78922039834566,-0.3951358584054116,3.484662576687117,19.015337423312882,1.5153374233128822,8.659070990359327,464.37744638282044,30.0,Do Not Reassign,Higher variability risk
Hair Toffee,The Other Factory,Sugar Shack,Pacific,First Class,1432.4874520556186,50.77506605823032,3.4232015869178083,210.15549798502377,14.44249176394223,4.661214953271028,17.838785046728972,0.33878504672897236,1.935914552736985,2294.990439990625,86.41353438504308,Potential Reassignment,Acceptable
Hair Toffee,The Other Factory,Secret Factory,Pacific,First Class,1534.2275688459588,-50.96505073210983,-3.4360101539488888,286.8819120848882,-16.794001543218997,3.484662576687117,19.015337423312882,1.5153374233128822,8.659070990359327,2570.299818307878,30.0,Do Not Reassign,Higher variability risk
Hair Toffee,The Other Factory,Lot's O' Nuts,Pacific,First Class,1467.5227224417617,15.739795672087212,1.061160481025456,266.9248942448598,-8.66919522320037,5.504409961324404,16.995590038675594,-0.5044099613244057,-2.8823426361394615,878.5208852512897,21.866119106128597,Potential Reassignment,High financial risk
Hair Toffee,The Other Factory,Sugar Shack,Pacific,Same Day,1417.846104516769,50.77506605823032,3.4573290291294594,210.15549798502377,14.44249176394223,4.661214953271028,17.838785046728972,0.33878504672897236,1.935914552736985,2294.990439990625,86.41353438504308,Potential Reassignment,Acceptable
Hair Toffee,The Other Factory,Secret Factory,Pacific,Same Day,1519.586221307109,-50.96505073210983,-3.4702652905484013,286.8819120848882,-16.794001543218997,3.484662576687117,19.015337423312882,1.5153374233128822,8.659070990359327,2570.299818307878,30.0,Do Not Reassign,Higher variability risk
Hair Toffee,The Other Factory,Lot's O' Nuts,Pacific,Same Day,1452.8813749029123,15.739795672086984,1.0717396689797472,266.9248942448598,-8.66919522320037,5.504409961324404,16.995590038675594,-0.5044099613244057,-2.8823426361394615,878.5208852512897,21.866119106128373,Potential Reassignment,High financial risk
Hair Toffee,The Other Factory,Sugar Shack,Pacific,Second Class,1420.2487418391008,50.77506605823055,3.451682140400432,210.15549798502377,14.44249176394223,4.661214953271028,17.838785046728972,0.33878504672897236,1.935914552736985,2294.990439990625,86.41353438504308,Potential Reassignment,Acceptable
Hair Toffee,The Other Factory,Secret Factory,Pacific,Second Class,1521.988858629441,-50.9650507321096,-3.4645972728992476,286.8819120848882,-16.794001543218997,3.484662576687117,19.015337423312882,1.5153374233128822,8.659070990359327,2570.299818307878,30.0,Do Not Reassign,Higher variability risk
Hair Toffee,The Other Factory,Lot's O' Nuts,Pacific,Second Class,1455.2840122252442,15.739795672087212,1.0699891862787414,266.9248942448598,-8.66919522320037,5.504409961324404,16.995590038675594,-0.5044099613244057,-2.8823426361394615,878.5208852512897,21.86611910612853,Potential Reassignment,High financial risk
Hair Toffee,The Other Factory,Sugar Shack,Pacific,Standard Class,1408.8656088884748,50.77506605823055,3.478600379513572,210.15549798502377,14.44249176394223,4.661214953271028,17.838785046728972,0.33878504672897236,1.935914552736985,2294.990439990625,86.41353438504308,Potential Reassignment,Acceptable
Hair Toffee,The Other Factory,Secret Factory,Pacific,Standard Class,1510.6057256788151,-50.96505073210983,-3.4916162317805153,286.8819120848882,-16.794001543218997,3.484662576687117,19.015337423312882,1.5153374233128822,8.659070990359327,2570.299818307878,30.0,Do Not Reassign,Higher variability risk
Hair Toffee,The Other Factory,Lot's O' Nuts,Pacific,Standard Class,1443.900879274618,15.739795672087212,1.0783335886869492,266.9248942448598,-8.66919522320037,5.504409961324404,16.995590038675594,-0.5044099613244057,-2.8823426361394615,878.5208852512897,21.86611910612853,Potential Reassignment,High financial risk
Kazookles,The Other Factory,Sugar Shack,Atlantic,First Class,1244.414416460996,50.77506605823055,3.920280912061592,274.60691454575556,-6.185818338552234,2.796728971962617,6.953271028037383,6.203271028037383,827.1028037383177,1907.5144595175952,65.41353438504306,Potential Reassignment,Higher variability risk
Kazookles,The Other Factory,Lot's O' Nuts,Atlantic,First Class,1279.4496868471394,15.739795672087212,1.215250423549788,255.74106237686206,1.1092854811089239,3.302645976794642,6.447354023205358,5.697354023205358,759.6472030940478,3313.279674146417,39.23325340565101,Potential Reassignment,Acceptable
Kazookles,The Other Factory,Wicked Choccy's,Atlantic,First Class,1281.825496856627,13.363985662599589,1.0318170308645327,255.1409819527574,1.3413263640120499,3.649550453405364,6.100449546594636,5.350449546594636,713.3932728792847,966.7174915154925,33.896788685934794,Potential Reassignment,Acceptable
Kazookles,The Other Factory,Sugar Shack,Atlantic,Same Day,1229.7730689221466,50.77506605823032,3.9651040574908496,274.60691454575556,-6.185818338552234,2.796728971962617,6.953271028037383,6.203271028037383,827.1028037383177,1907.5144595175952,65.41353438504306,Potential Reassignment,Higher variability risk
Kazookles,The Other Factory,Lot's O' Nuts,Atlantic,Same Day,1264.8083393082898,15.739795672087212,1.2291451794842845,255.74106237686206,1.1092854811089239,3.302645976794642,6.447354023205358,5.697354023205358,759.6472030940478,3313.279674146417,39.233253405651084,Potential Reassignment,Acceptable
Kazookles,The Other Factory,Wicked Choccy's,Atlantic,Same Day,1267.1841493177774,13.363985662599589,1.0436144723918854,255.1409819527574,1.3413263640120499,3.649550453405364,6.100449546594636,5.350449546594636,713.3932728792847,966.7174915154925,33.89678868593485,Potential Reassignment,Acceptable
Kazookles,The Other Factory,Sugar Shack,Atlantic,Second Class,1232.1757062444785,50.77506605823055,3.957678435868332,274.60691454575556,-6.185818338552234,2.796728971962617,6.953271028037383,6.203271028037383,827.1028037383177,1907.5144595175952,65.41353438504306,Potential Reassignment,Higher variability risk
Kazookles,The Other Factory,Lot's O' Nuts,Atlantic,Second Class,1267.2109766306219,15.739795672087212,1.2268433062195037,255.74106237686206,1.1092854811089239,3.302645976794642,6.447354023205358,5.697354023205358,759.6472030940478,3313.279674146417,39.23325340565102,Potential Reassignment,Acceptable
Kazookles,The Other Factory,Wicked Choccy's,Atlantic,Second Class,1269.5867866401093,13.363985662599816,1.0416600504954228,255.1409819527574,1.3413263640120499,3.649550453405364,6.100449546594636,5.350449546594636,713.3932728792847,966.7174915154925,33.896788685935014,Potential Reassignment,Acceptable
Kazookles,The Other Factory,Sugar Shack,Atlantic,Standard Class,1220.7925732938525,50.77506605823055,3.993107758239473,274.60691454575556,-6.185818338552234,2.796728971962617,6.953271028037383,6.203271028037383,827.1028037383177,1907.5144595175952,65.41353438504306,Potential Reassignment,Higher variability risk
Kazookles,The Other Factory,Lot's O' Nuts,Atlantic,Standard Class,1255.8278436799958,15.739795672087212,1.2378260648491572,255.74106237686206,1.1092854811089239,3.302645976794642,6.447354023205358,5.697354023205358,759.6472030940478,3313.279674146417,39.23325340565101,Potential Reassignment,Acceptable
Kazookles,The Other Factory,Wicked Choccy's,Atlantic,Standard Class,1258.2036536894834,13.363985662599589,1.050985039962884,255.1409819527574,1.3413263640120499,3.649550453405364,6.100449546594636,5.350449546594636,713.3932728792847,966.7174915154925,33.896788685934794,Potential Reassignment,Acceptable
Kazookles,The Other Factory,Sugar Shack,Gulf,First Class,1231.0436298571026,50.77506605823055,3.961173777542121,210.44773697999224,23.936948808531827,2.796728971962617,6.953271028037383,6.203271028037383,827.1028037383177,2136.7328059710176,86.41353438504306,Potential Reassignment,Acceptable
Kazookles,The Other Factory,Secret Factory,Gulf,First Class,1332.783746647443,-50.96505073210983,-3.9759952709783364,304.67712114326554,-10.12079195982339,2.0907975460122703,7.65920245398773,6.90920245398773,921.2269938650306,1329.3492378052736,30.0,Do Not Reassign,Higher variability risk
Kazookles,The Other Factory,Lot's O' Nuts,Gulf,First Class,1266.078900243246,15.739795672087212,1.2279268294528651,266.87888223426404,3.5407917775016786,3.302645976794642,6.447354023205358,5.697354023205358,759.6472030940478,2100.5308123042055,24.97247271545043,Potential Reassignment,Acceptable
Kazookles,The Other Factory,Sugar Shack,Gulf,Same Day,1216.4022823182531,50.77506605823032,4.006942368665578,210.44773697999224,23.936948808531827,2.796728971962617,6.953271028037383,6.203271028037383,827.1028037383177,2136.7328059710176,86.41353438504306,Potential Reassignment,Acceptable
Kazookles,The Other Factory,Secret Factory,Gulf,Same Day,1318.1423991085933,-50.96505073210983,-4.0219351140869595,304.67712114326554,-10.12079195982339,2.0907975460122703,7.65920245398773,6.90920245398773,921.2269938650306,1329.3492378052736,30.0,Do Not Reassign,Higher variability risk
Kazookles,The Other Factory,Lot's O' Nuts,Gulf,Same Day,1251.4375527043962,15.739795672087212,1.2421146647115455,266.87888223426404,3.5407917775016786,3.302645976794642,6.447354023205358,5.697354023205358,759.6472030940478,2100.5308123042055,24.97247271545049,Potential Reassignment,Acceptable
Kazookles,The Other Factory,Sugar Shack,Gulf,Second Class,1218.804919640585,50.77506605823055,3.9993593653165855,210.44773697999224,23.936948808531827,2.796728971962617,6.953271028037383,6.203271028037383,827.1028037383177,2136.7328059710176,86.41353438504306,Potential Reassignment,Acceptable
Kazookles,The Other Factory,Secret Factory,Gulf,Second Class,1320.5450364309252,-50.9650507321096,-4.0143237374726635,304.67712114326554,-10.12079195982339,2.0907975460122703,7.65920245398773,6.90920245398773,921.2269938650306,1329.3492378052736,30.0,Do Not Reassign,Higher variability risk
Kazookles,The Other Factory,Lot's O' Nuts,Gulf,Second Class,1253.8401900267284,15.739795672087212,1.2397640045832599,266.87888223426404,3.5407917775016786,3.302645976794642,6.447354023205358,5.697354023205358,759.6472030940478,2100.5308123042055,24.97247271545043,Potential Reassignment,Acceptable
Kazookles,The Other Factory,Sugar Shack,Gulf,Standard Class,1207.421786689959,50.77506605823055,4.03554228794375,210.44773697999224,23.936948808531827,2.796728971962617,6.953271028037383,6.203271028037383,827.1028037383177,2136.7328059710176,86.41353438504306,Potential Reassignment,Acceptable
Kazookles,The Other Factory,Secret Factory,Gulf,Standard Class,1309.161903480299,-50.9650507321096,-4.050642045462941,304.67712114326554,-10.12079195982339,2.0907975460122703,7.65920245398773,6.90920245398773,921.2269938650306,1329.3492378052736,30.0,Do Not Reassign,Higher variability risk
Kazookles,The Other Factory,Lot's O' Nuts,Gulf,Standard Class,1242.4570570761023,15.739795672087212,1.2509803722452413,266.87888223426404,3.5407917775016786,3.302645976794642,6.447354023205358,5.697354023205358,759.6472030940478,2100.5308123042055,24.97247271545043,Potential Reassignment,Acceptable
Kazookles,The Other Factory,Sugar Shack,Interior,First Class,1251.232200017538,50.77506605823055,3.899752895486204,235.25726799156945,22.7615500934817,2.796728971962617,6.953271028037383,6.203271028037383,827.1028037383177,1018.4239278200666,86.41353438504306,Potential Reassignment,Acceptable
Kazookles,The Other Factory,Lot's O' Nuts,Interior,First Class,1286.2674704036813,15.739795672087212,1.2088869303722654,258.4114381726021,15.159692650680912,3.302645976794642,6.447354023205358,5.697354023205358,759.6472030940478,1652.3798078410057,35.85258067648828,Potential Reassignment,Acceptable
Kazookles,The Other Factory,Secret Factory,Interior,First Class,1352.972316807878,-50.9650507321096,-3.9143445708807407,305.78922039834566,-0.3951358584054116,2.0907975460122703,7.65920245398773,6.90920245398773,921.2269938650306,464.37744638282044,30.0,Do Not Reassign,Higher variability risk
Kazookles,The Other Factory,Sugar Shack,Interior,Same Day,1236.5908524786882,50.77506605823055,3.9441051939557332,235.25726799156945,22.7615500934817,2.796728971962617,6.953271028037383,6.203271028037383,827.1028037383177,1018.4239278200666,86.41353438504306,Potential Reassignment,Acceptable
Kazookles,The Other Factory,Lot's O' Nuts,Interior,Same Day,1271.6261228648316,15.739795672087212,1.2226357281522076,258.4114381726021,15.159692650680912,3.302645976794642,6.447354023205358,5.697354023205358,759.6472030940478,1652.3798078410057,35.85258067648828,Potential Reassignment,Acceptable
Kazookles,The Other Factory,Secret Factory,Interior,Same Day,1338.3309692690284,-50.9650507321096,-3.9588628220040953,305.78922039834566,-0.3951358584054116,2.0907975460122703,7.65920245398773,6.90920245398773,921.2269938650306,464.37744638282044,30.0,Do Not Reassign,Higher variability risk
Kazookles,The Other Factory,Sugar Shack,Interior,Second Class,1238.9934898010204,50.77506605823032,3.936757942156816,235.25726799156945,22.7615500934817,2.796728971962617,6.953271028037383,6.203271028037383,827.1028037383177,1018.4239278200666,86.41353438504306,Potential Reassignment,Acceptable
Kazookles,The Other Factory,Lot's O' Nuts,Interior,Second Class,1274.0287601871637,15.739795672086984,1.2203581487998867,258.4114381726021,15.159692650680912,3.302645976794642,6.447354023205358,5.697354023205358,759.6472030940478,1652.3798078410057,35.852580676488124,Potential Reassignment,Acceptable
Kazookles,The Other Factory,Secret Factory,Interior,Second Class,1340.7336065913605,-50.96505073210983,-3.9514880790497053,305.78922039834566,-0.3951358584054116,2.0907975460122703,7.65920245398773,6.90920245398773,921.2269938650306,464.37744638282044,30.0,Do Not Reassign,Higher variability risk
Kazookles,The Other Factory,Sugar Shack,Interior,Standard Class,1227.6103568503943,50.77506605823032,3.9718120332368323,235.25726799156945,22.7615500934817,2.796728971962617,6.953271028037383,6.203271028037383,827.1028037383177,1018.4239278200666,86.41353438504306,Potential Reassignment,Acceptable
Kazookles,The Other Factory,Lot's O' Nuts,Interior,Standard Class,1262.6456272365376,15.739795672086984,1.231224589238141,258.4114381726021,15.159692650680912,3.302645976794642,6.447354023205358,5.697354023205358,759.6472030940478,1652.3798078410057,35.852580676488124,Potential Reassignment,Acceptable
Kazookles,The Other Factory,Secret Factory,Interior,Standard Class,1329.3504736407344,-50.96505073210983,-3.9866733317525216,305.78922039834566,-0.3951358584054116,2.0907975460122703,7.65920245398773,6.90920245398773,921.2269938650306,464.37744638282044,30.0,Do Not Reassign,Higher variability risk
Kazookles,The Other Factory,Sugar Shack,Pacific,First Class,1249.6957663544094,50.77506605823055,3.9043602357488014,210.15549798502377,14.44249176394223,2.796728971962617,6.953271028037383,6.203271028037383,827.1028037383177,2294.990439990625,86.41353438504306,Potential Reassignment,Acceptable
Kazookles,The Other Factory,Secret Factory,Pacific,First Class,1351.4358831447498,-50.96505073210983,-3.918969150392955,286.8819120848882,-16.794001543218997,2.0907975460122703,7.65920245398773,6.90920245398773,921.2269938650306,2570.299818307878,30.0,Do Not Reassign,Higher variability risk
Kazookles,The Other Factory,Lot's O' Nuts,Pacific,First Class,1284.7310367405528,15.739795672087212,1.2103151627696767,266.9248942448598,-8.66919522320037,3.302645976794642,6.447354023205358,5.697354023205358,759.6472030940478,878.5208852512897,21.866119106128572,Potential Reassignment,Higher variability risk
Kazookles,The Other Factory,Sugar Shack,Pacific,Same Day,1235.0544188155598,50.77506605823055,3.9488179930182845,210.15549798502377,14.44249176394223,2.796728971962617,6.953271028037383,6.203271028037383,827.1028037383177,2294.990439990625,86.41353438504306,Potential Reassignment,Acceptable
Kazookles,The Other Factory,Secret Factory,Pacific,Same Day,1336.7945356059001,-50.96505073210983,-3.963593254910644,286.8819120848882,-16.794001543218997,2.0907975460122703,7.65920245398773,6.90920245398773,921.2269938650306,2570.299818307878,30.0,Do Not Reassign,Higher variability risk
Kazookles,The Other Factory,Lot's O' Nuts,Pacific,Same Day,1270.089689201703,15.739795672087212,1.2240966517914418,266.9248942448598,-8.66919522320037,3.302645976794642,6.447354023205358,5.697354023205358,759.6472030940478,878.5208852512897,21.86611910612857,Potential Reassignment,Higher variability risk
Kazookles,The Other Factory,Sugar Shack,Pacific,Second Class,1237.4570561378919,50.77506605823055,3.9414531887057294,210.15549798502377,14.44249176394223,2.796728971962617,6.953271028037383,6.203271028037383,827.1028037383177,2294.990439990625,86.41353438504306,Potential Reassignment,Acceptable
Kazookles,The Other Factory,Secret Factory,Pacific,Second Class,1339.197172928232,-50.9650507321096,-3.956200893766458,286.8819120848882,-16.794001543218997,2.0907975460122703,7.65920245398773,6.90920245398773,921.2269938650306,2570.299818307878,30.0,Do Not Reassign,Higher variability risk
Kazookles,The Other Factory,Lot's O' Nuts,Pacific,Second Class,1272.4923265240352,15.739795672087212,1.221813631324042,266.9248942448598,-8.66919522320037,3.302645976794642,6.447354023205358,5.697354023205358,759.6472030940478,878.5208852512897,21.866119106128572,Potential Reassignment,Higher variability risk
Kazookles,The Other Factory,Sugar Shack,Pacific,Standard Class,1226.0739231872658,50.77506605823055,3.9765913186205424,210.15549798502377,14.44249176394223,2.796728971962617,6.953271028037383,6.203271028037383,827.1028037383177,2294.990439990625,86.41353438504306,Potential Reassignment,Acceptable
Kazookles,The Other Factory,Secret Factory,Pacific,Standard Class,1327.814039977606,-50.9650507321096,-3.9914704997515322,286.8819120848882,-16.794001543218997,2.0907975460122703,7.65920245398773,6.90920245398773,921.2269938650306,2570.299818307878,30.0,Do Not Reassign,Higher variability risk
Kazookles,The Other Factory,Lot's O' Nuts,Pacific,Standard Class,1261.1091935734091,15.739795672087212,1.2327061230152223,266.9248942448598,-8.66919522320037,3.302645976794642,6.447354023205358,5.697354023205358,759.6472030940478,878.5208852512897,21.866119106128572,Potential Reassignment,Higher variability risk
Laffy Taffy,Sugar Shack,Lot's O' Nuts,Atlantic,First Class,1488.5192062898104,-35.03527038614311,-2.41043395944798,255.74106237686206,6.870130054846099,2.2017639845297614,1.7782360154702386,-0.7017639845297614,-28.296934860071026,3313.279674146417,69.25187325413023,Do Not Reassign,Acceptable
Laffy Taffy,Sugar Shack,Wicked Choccy's,Atlantic,First Class,1490.895016299298,-37.411080395630734,-2.573890186985199,255.1409819527574,7.088653475895895,2.433033635603576,1.546966364396424,-0.933033635603576,-37.622324016273225,966.7174915154925,68.29596904410194,Do Not Reassign,Acceptable
Laffy Taffy,Sugar Shack,Secret Factory,Atlantic,First Class,1555.2240526940075,-101.74011679034015,-6.999741399074065,276.9399222084468,-0.8495808150171271,1.3938650306748468,2.586134969325153,0.10613496932515298,4.279635859885201,1290.869670067162,54.49999999999999,Do Not Reassign,Higher variability risk
Laffy Taffy,Sugar Shack,Lot's O' Nuts,Atlantic,Same Day,1473.8778587509607,-35.03527038614334,-2.4349620083152677,255.74106237686206,6.870130054846099,2.2017639845297614,1.7782360154702386,-0.7017639845297614,-28.296934860071026,3313.279674146417,69.25187325413023,Do Not Reassign,Acceptable
Laffy Taffy,Sugar Shack,Wicked Choccy's,Atlantic,Same Day,1476.2536687604484,-37.41108039563096,-2.60008153067995,255.1409819527574,7.088653475895895,2.433033635603576,1.546966364396424,-0.933033635603576,-37.622324016273225,966.7174915154925,68.29596904410194,Do Not Reassign,Acceptable
Laffy Taffy,Sugar Shack,Secret Factory,Atlantic,Same Day,1540.5827051551578,-101.74011679034038,-7.070969236875567,276.9399222084468,-0.8495808150171271,1.3938650306748468,2.586134969325153,0.10613496932515298,4.279635859885201,1290.869670067162,54.49999999999999,Do Not Reassign,Higher variability risk
Laffy Taffy,Sugar Shack,Lot's O' Nuts,Atlantic,Second Class,1476.2804960732929,-35.03527038614334,-2.430902788901826,255.74106237686206,6.870130054846099,2.2017639845297614,1.7782360154702386,-0.7017639845297614,-28.296934860071026,3313.279674146417,69.25187325413023,Do Not Reassign,Acceptable
Laffy Taffy,Sugar Shack,Wicked Choccy's,Atlantic,Second Class,1478.6563060827802,-37.411080395630734,-2.5957470476819147,255.1409819527574,7.088653475895895,2.433033635603576,1.546966364396424,-0.933033635603576,-37.622324016273225,966.7174915154925,68.29596904410194,Do Not Reassign,Acceptable
Laffy Taffy,Sugar Shack,Secret Factory,Atlantic,Second Class,1542.9853424774897,-101.74011679034015,-7.059181531153591,276.9399222084468,-0.8495808150171271,1.3938650306748468,2.586134969325153,0.10613496932515298,4.279635859885201,1290.869670067162,54.49999999999999,Do Not Reassign,Higher variability risk
Laffy Taffy,Sugar Shack,Lot's O' Nuts,Atlantic,Standard Class,1464.8973631226668,-35.03527038614334,-2.4502552074159496,255.74106237686206,6.870130054846099,2.2017639845297614,1.7782360154702386,-0.7017639845297614,-28.296934860071026,3313.279674146417,69.25187325413023,Do Not Reassign,Acceptable
Laffy Taffy,Sugar Shack,Wicked Choccy's,Atlantic,Standard Class,1467.2731731321544,-37.41108039563096,-2.616411791435931,255.1409819527574,7.088653475895895,2.433033635603576,1.546966364396424,-0.933033635603576,-37.622324016273225,966.7174915154925,68.29596904410194,Do Not Reassign,Acceptable
Laffy Taffy,Sugar Shack,Secret Factory,Atlantic,Standard Class,1531.6022095268636,-101.74011679034015,-7.115379679422517,276.9399222084468,-0.8495808150171271,1.3938650306748468,2.586134969325153,0.10613496932515298,4.279635859885201,1290.869670067162,54.49999999999999,Do Not Reassign,Higher variability risk
Laffy Taffy,Sugar Shack,Secret Factory,Gulf,First Class,1541.853266090114,-101.74011679034038,-7.06473077062101,304.67712114326554,-44.775669967043605,1.3938650306748468,2.586134969325153,0.10613496932515298,4.279635859885201,1329.3492378052736,64.99999999999999,Do Not Reassign,Higher variability risk
Laffy Taffy,Sugar Shack,Lot's O' Nuts,Gulf,First Class,1475.148419685917,-35.03527038614334,-2.4328137273920833,266.87888223426404,-26.814802603288072,2.2017639845297614,1.7782360154702386,-0.7017639845297614,-28.296934860071026,2100.5308123042055,59.39924469888345,Do Not Reassign,Higher variability risk
Laffy Taffy,Sugar Shack,Wicked Choccy's,Gulf,First Class,1477.5242296954045,-37.41108039563096,-2.5977875706378595,260.0116889313364,-23.551667821477356,2.433033635603576,1.546966364396424,-0.933033635603576,-37.622324016273225,897.8239432041659,57.79596904410194,Do Not Reassign,Higher variability risk
Laffy Taffy,Sugar Shack,Secret Factory,Gulf,Same Day,1527.2119185512643,-101.74011679034038,-7.137294239328906,304.67712114326554,-44.775669967043605,1.3938650306748468,2.586134969325153,0.10613496932515298,4.279635859885201,1329.3492378052736,64.99999999999999,Do Not Reassign,Higher variability risk
Laffy Taffy,Sugar Shack,Lot's O' Nuts,Gulf,Same Day,1460.5070721470672,-35.03527038614334,-2.45780171469287,266.87888223426404,-26.814802603288072,2.2017639845297614,1.7782360154702386,-0.7017639845297614,-28.296934860071026,2100.5308123042055,59.39924469888345,Do Not Reassign,Higher variability risk
Laffy Taffy,Sugar Shack,Wicked Choccy's,Gulf,Same Day,1462.8828821565548,-37.41108039563096,-2.6244700420882436,260.0116889313364,-23.551667821477356,2.433033635603576,1.546966364396424,-0.933033635603576,-37.622324016273225,897.8239432041659,57.79596904410194,Do Not Reassign,Higher variability risk
Laffy Taffy,Sugar Shack,Secret Factory,Gulf,Second Class,1529.6145558735961,-101.74011679034015,-7.125284549225546,304.67712114326554,-44.775669967043605,1.3938650306748468,2.586134969325153,0.10613496932515298,4.279635859885201,1329.3492378052736,64.99999999999999,Do Not Reassign,Higher variability risk
Laffy Taffy,Sugar Shack,Lot's O' Nuts,Gulf,Second Class,1462.9097094693993,-35.03527038614334,-2.453666052642358,266.87888223426404,-26.814802603288072,2.2017639845297614,1.7782360154702386,-0.7017639845297614,-28.296934860071026,2100.5308123042055,59.39924469888345,Do Not Reassign,Higher variability risk
Laffy Taffy,Sugar Shack,Wicked Choccy's,Gulf,Second Class,1465.2855194788867,-37.411080395630734,-2.6200539327288412,260.0116889313364,-23.551667821477356,2.433033635603576,1.546966364396424,-0.933033635603576,-37.622324016273225,897.8239432041659,57.79596904410194,Do Not Reassign,Higher variability risk
Laffy Taffy,Sugar Shack,Secret Factory,Gulf,Standard Class,1518.23142292297,-101.74011679034015,-7.182544386249409,304.67712114326554,-44.775669967043605,1.3938650306748468,2.586134969325153,0.10613496932515298,4.279635859885201,1329.3492378052736,64.99999999999999,Do Not Reassign,Higher variability risk
Laffy Taffy,Sugar Shack,Lot's O' Nuts,Gulf,Standard Class,1451.5265765187733,-35.03527038614334,-2.4733840747528664,266.87888223426404,-26.814802603288072,2.2017639845297614,1.7782360154702386,-0.7017639845297614,-28.296934860071026,2100.5308123042055,59.39924469888345,Do Not Reassign,Higher variability risk
Laffy Taffy,Sugar Shack,Wicked Choccy's,Gulf,Standard Class,1453.9023865282609,-37.41108039563096,-2.6411090723721014,260.0116889313364,-23.551667821477356,2.433033635603576,1.546966364396424,-0.933033635603576,-37.622324016273225,897.8239432041659,57.79596904410194,Do Not Reassign,Higher variability risk
Laffy Taffy,Sugar Shack,Secret Factory,Interior,First Class,1562.041836250549,-101.74011679034015,-6.967061356878203,305.78922039834566,-29.980775093122208,1.3938650306748468,2.586134969325153,0.10613496932515298,4.279635859885201,464.37744638282044,64.99999999999999,Do Not Reassign,Higher variability risk
Laffy Taffy,Sugar Shack,Lot's O' Nuts,Interior,First Class,1495.3369898463523,-35.03527038614334,-2.3991802460585956,258.4114381726021,-9.842063702730073,2.2017639845297614,1.7782360154702386,-0.7017639845297614,-28.296934860071026,1652.3798078410057,59.39924469888345,Do Not Reassign,Higher variability risk
Laffy Taffy,Sugar Shack,Wicked Choccy's,Interior,First Class,1497.7127998558396,-37.411080395630734,-2.5618733373442506,266.03206567220985,-13.0813376961188,2.433033635603576,1.546966364396424,-0.933033635603576,-37.622324016273225,1472.986345145029,57.79596904410194,Do Not Reassign,Higher variability risk
Laffy Taffy,Sugar Shack,Secret Factory,Interior,Same Day,1547.4004887116994,-101.74011679034015,-7.037622305100758,305.78922039834566,-29.980775093122208,1.3938650306748468,2.586134969325153,0.10613496932515298,4.279635859885201,464.37744638282044,64.99999999999999,Do Not Reassign,Higher variability risk
Laffy Taffy,Sugar Shack,Lot's O' Nuts,Interior,Same Day,1480.6956423075026,-35.03527038614334,-2.4234786445435734,258.4114381726021,-9.842063702730073,2.2017639845297614,1.7782360154702386,-0.7017639845297614,-28.296934860071026,1652.3798078410057,59.39924469888345,Do Not Reassign,Higher variability risk
Laffy Taffy,Sugar Shack,Wicked Choccy's,Interior,Same Day,1483.07145231699,-37.411080395630734,-2.587819457616413,266.03206567220985,-13.0813376961188,2.433033635603576,1.546966364396424,-0.933033635603576,-37.622324016273225,1472.986345145029,57.79596904410194,Do Not Reassign,Higher variability risk
Laffy Taffy,Sugar Shack,Secret Factory,Interior,Second Class,1549.8031260340315,-101.74011679034015,-7.025945427849717,305.78922039834566,-29.980775093122208,1.3938650306748468,2.586134969325153,0.10613496932515298,4.279635859885201,464.37744638282044,64.99999999999999,Do Not Reassign,Higher variability risk
Laffy Taffy,Sugar Shack,Lot's O' Nuts,Interior,Second Class,1483.0982796298345,-35.03527038614311,-2.4194575900700395,258.4114381726021,-9.842063702730073,2.2017639845297614,1.7782360154702386,-0.7017639845297614,-28.296934860071026,1652.3798078410057,59.39924469888345,Do Not Reassign,Higher variability risk
Laffy Taffy,Sugar Shack,Wicked Choccy's,Interior,Second Class,1485.474089639322,-37.411080395630734,-2.5835257275973205,266.03206567220985,-13.0813376961188,2.433033635603576,1.546966364396424,-0.933033635603576,-37.622324016273225,1472.986345145029,57.79596904410194,Do Not Reassign,Higher variability risk
Laffy Taffy,Sugar Shack,Secret Factory,Interior,Standard Class,1538.4199930834054,-101.74011679034015,-7.0816135500450486,305.78922039834566,-29.980775093122208,1.3938650306748468,2.586134969325153,0.10613496932515298,4.279635859885201,464.37744638282044,64.99999999999999,Do Not Reassign,Higher variability risk
Laffy Taffy,Sugar Shack,Lot's O' Nuts,Interior,Standard Class,1471.7151466792086,-35.03527038614334,-2.43862748857746,258.4114381726021,-9.842063702730073,2.2017639845297614,1.7782360154702386,-0.7017639845297614,-28.296934860071026,1652.3798078410057,59.39924469888345,Do Not Reassign,Higher variability risk
Laffy Taffy,Sugar Shack,Wicked Choccy's,Interior,Standard Class,1474.090956688696,-37.411080395630734,-2.6039955743070022,266.03206567220985,-13.0813376961188,2.433033635603576,1.546966364396424,-0.933033635603576,-37.622324016273225,1472.986345145029,57.79596904410194,Do Not Reassign,Higher variability risk
Laffy Taffy,Sugar Shack,Secret Factory,Pacific,First Class,1560.5054025874208,-101.74011679034038,-6.974399362317482,286.8819120848882,-36.509353709762166,1.3938650306748468,2.586134969325153,0.10613496932515298,4.279635859885201,2570.299818307878,64.99999999999999,Do Not Reassign,Higher variability risk
Laffy Taffy,Sugar Shack,Lot's O' Nuts,Pacific,First Class,1493.8005561832238,-35.03527038614334,-2.401707164768443,266.9248942448598,-27.0130435816062,2.2017639845297614,1.7782360154702386,-0.7017639845297614,-28.296934860071026,878.5208852512897,59.39924469888345,Do Not Reassign,Higher variability risk
Laffy Taffy,Sugar Shack,Wicked Choccy's,Pacific,First Class,1496.1763661927114,-37.41108039563096,-2.564571611339741,266.21497467024545,-26.67523677596892,2.433033635603576,1.546966364396424,-0.933033635603576,-37.622324016273225,3580.9141948722836,57.79596904410194,Do Not Reassign,Higher variability risk
Laffy Taffy,Sugar Shack,Secret Factory,Pacific,Same Day,1545.8640550485711,-101.74011679034038,-7.045109778669685,286.8819120848882,-36.509353709762166,1.3938650306748468,2.586134969325153,0.10613496932515298,4.279635859885201,2570.299818307878,64.99999999999999,Do Not Reassign,Higher variability risk
Laffy Taffy,Sugar Shack,Lot's O' Nuts,Pacific,Same Day,1479.159208644374,-35.03527038614334,-2.426057034162847,266.9248942448598,-27.0130435816062,2.2017639845297614,1.7782360154702386,-0.7017639845297614,-28.296934860071026,878.5208852512897,59.39924469888345,Do Not Reassign,Higher variability risk
Laffy Taffy,Sugar Shack,Wicked Choccy's,Pacific,Same Day,1481.5350186538617,-37.41108039563096,-2.5905726928640735,266.21497467024545,-26.67523677596892,2.433033635603576,1.546966364396424,-0.933033635603576,-37.622324016273225,3580.9141948722836,57.79596904410194,Do Not Reassign,Higher variability risk
Laffy Taffy,Sugar Shack,Secret Factory,Pacific,Second Class,1548.266692370903,-101.74011679034015,-7.033408062310007,286.8819120848882,-36.509353709762166,1.3938650306748468,2.586134969325153,0.10613496932515298,4.279635859885201,2570.299818307878,64.99999999999999,Do Not Reassign,Higher variability risk
Laffy Taffy,Sugar Shack,Lot's O' Nuts,Pacific,Second Class,1481.5618459667062,-35.03527038614334,-2.4220274260831984,266.9248942448598,-27.0130435816062,2.2017639845297614,1.7782360154702386,-0.7017639845297614,-28.296934860071026,878.5208852512897,59.39924469888345,Do Not Reassign,Higher variability risk
Laffy Taffy,Sugar Shack,Wicked Choccy's,Pacific,Second Class,1483.9376559761936,-37.411080395630734,-2.5862698292021222,266.21497467024545,-26.67523677596892,2.433033635603576,1.546966364396424,-0.933033635603576,-37.622324016273225,3580.9141948722836,57.79596904410194,Do Not Reassign,Higher variability risk
Laffy Taffy,Sugar Shack,Secret Factory,Pacific,Standard Class,1536.883559420277,-101.74011679034015,-7.089194973005542,286.8819120848882,-36.509353709762166,1.3938650306748468,2.586134969325153,0.10613496932515298,4.279635859885201,2570.299818307878,64.99999999999999,Do Not Reassign,Higher variability risk
Laffy Taffy,Sugar Shack,Lot's O' Nuts,Pacific,Standard Class,1470.17871301608,-35.03527038614334,-2.4412382306496356,266.9248942448598,-27.0130435816062,2.2017639845297614,1.7782360154702386,-0.7017639845297614,-28.296934860071026,878.5208852512897,59.39924469888345,Do Not Reassign,Higher variability risk
Laffy Taffy,Sugar Shack,Wicked Choccy's,Pacific,Standard Class,1472.5545230255675,-37.411080395630734,-2.606783355890473,266.21497467024545,-26.67523677596892,2.433033635603576,1.546966364396424,-0.933033635603576,-37.622324016273225,3580.9141948722836,57.79596904410194,Do Not Reassign,Higher variability risk
Lickable Wallpaper,Secret Factory,Sugar Shack,Atlantic,First Class,1425.2741398187,101.74011679034038,6.662682836784331,274.60691454575556,0.8424237445026834,0.9322429906542056,19.067757009345794,9.067757009345794,90.67757009345794,1907.5144595175952,78.99999999999999,Potential Reassignment,Acceptable
Lickable Wallpaper,Secret Factory,Lot's O' Nuts,Atlantic,First Class,1460.3094102048433,66.70484640419704,4.36831850884778,255.74106237686206,7.654678192488544,1.1008819922648807,18.89911800773512,8.899118007735119,88.99118007735119,3313.279674146417,62.91868113095303,Potential Reassignment,Acceptable
Lickable Wallpaper,Secret Factory,Wicked Choccy's,Atlantic,First Class,1462.685220214331,64.32903639470942,4.212733189378435,255.1409819527574,7.871360720352117,1.216516817801788,18.78348318219821,8.78348318219821,87.8348318219821,966.7174915154925,59.47438750264536,Potential Reassignment,Acceptable
Lickable Wallpaper,Secret Factory,Sugar Shack,Atlantic,Same Day,1410.6327922798503,101.74011679034038,6.727184557470708,274.60691454575556,0.8424237445026834,0.9322429906542056,19.067757009345794,9.067757009345794,90.67757009345794,1907.5144595175952,78.99999999999999,Potential Reassignment,Acceptable
Lickable Wallpaper,Secret Factory,Lot's O' Nuts,Atlantic,Same Day,1445.6680626659936,66.70484640419704,4.410608389250195,255.74106237686206,7.654678192488544,1.1008819922648807,18.89911800773512,8.899118007735119,88.99118007735119,3313.279674146417,62.918681130953026,Potential Reassignment,Acceptable
Lickable Wallpaper,Secret Factory,Wicked Choccy's,Atlantic,Same Day,1448.0438726754812,64.32903639470942,4.253516841574411,255.1409819527574,7.871360720352117,1.216516817801788,18.78348318219821,8.78348318219821,87.8348318219821,966.7174915154925,59.47438750264536,Potential Reassignment,Acceptable
Lickable Wallpaper,Secret Factory,Sugar Shack,Atlantic,Second Class,1413.0354296021824,101.74011679034015,6.716514339872788,274.60691454575556,0.8424237445026834,0.9322429906542056,19.067757009345794,9.067757009345794,90.67757009345794,1907.5144595175952,78.99999999999999,Potential Reassignment,Acceptable
Lickable Wallpaper,Secret Factory,Lot's O' Nuts,Atlantic,Second Class,1448.0706999883257,66.70484640419681,4.403612572374577,255.74106237686206,7.654678192488544,1.1008819922648807,18.89911800773512,8.899118007735119,88.99118007735119,3313.279674146417,62.918681130953026,Potential Reassignment,Acceptable
Lickable Wallpaper,Secret Factory,Wicked Choccy's,Atlantic,Second Class,1450.446509997813,64.32903639470942,4.246770192977481,255.1409819527574,7.871360720352117,1.216516817801788,18.78348318219821,8.78348318219821,87.8348318219821,966.7174915154925,59.47438750264558,Potential Reassignment,Acceptable
Lickable Wallpaper,Secret Factory,Sugar Shack,Atlantic,Standard Class,1401.6522966515563,101.74011679034015,6.767369309614535,274.60691454575556,0.8424237445026834,0.9322429906542056,19.067757009345794,9.067757009345794,90.67757009345794,1907.5144595175952,78.99999999999999,Potential Reassignment,Acceptable
Lickable Wallpaper,Secret Factory,Lot's O' Nuts,Atlantic,Standard Class,1436.6875670376996,66.70484640419681,4.436955102858436,255.74106237686206,7.654678192488544,1.1008819922648807,18.89911800773512,8.899118007735119,88.99118007735119,3313.279674146417,62.918681130953026,Potential Reassignment,Acceptable
Lickable Wallpaper,Secret Factory,Wicked Choccy's,Atlantic,Standard Class,1439.0633770471873,64.32903639470919,4.278925170803078,255.1409819527574,7.871360720352117,1.216516817801788,18.78348318219821,8.78348318219821,87.8348318219821,966.7174915154925,59.47438750264536,Potential Reassignment,Acceptable
Lickable Wallpaper,Secret Factory,Sugar Shack,Gulf,First Class,1411.9033532148064,101.74011679034038,6.72153772050392,210.44773697999224,30.927620626612352,0.9322429906542056,19.067757009345794,9.067757009345794,90.67757009345794,2136.7328059710176,100.0,Potential Reassignment,Acceptable
Lickable Wallpaper,Secret Factory,Lot's O' Nuts,Gulf,First Class,1446.9386236009498,66.70484640419704,4.406906099490538,266.87888223426404,12.405998444244187,1.1008819922648807,18.89911800773512,8.899118007735119,88.99118007735119,2100.5308123042055,45.672406185028116,Potential Reassignment,Acceptable
Lickable Wallpaper,Secret Factory,Wicked Choccy's,Gulf,First Class,1449.3144336104374,64.32903639470942,4.249946415353061,260.0116889313364,14.65992328020145,1.216516817801788,18.78348318219821,8.78348318219821,87.8348318219821,897.8239432041659,43.75824660304563,Potential Reassignment,Acceptable
Lickable Wallpaper,Secret Factory,Sugar Shack,Gulf,Same Day,1397.2620056759567,101.74011679034038,6.787189642063223,210.44773697999224,30.927620626612352,0.9322429906542056,19.067757009345794,9.067757009345794,90.67757009345794,2136.7328059710176,100.0,Potential Reassignment,Acceptable
Lickable Wallpaper,Secret Factory,Lot's O' Nuts,Gulf,Same Day,1432.2972760621,66.70484640419704,4.449950097098466,266.87888223426404,12.405998444244187,1.1008819922648807,18.89911800773512,8.899118007735119,88.99118007735119,2100.5308123042055,45.672406185028116,Potential Reassignment,Acceptable
Lickable Wallpaper,Secret Factory,Wicked Choccy's,Gulf,Same Day,1434.6730860715877,64.32903639470942,4.291457325548635,260.0116889313364,14.65992328020145,1.216516817801788,18.78348318219821,8.78348318219821,87.8348318219821,897.8239432041659,43.75824660304563,Potential Reassignment,Acceptable
Lickable Wallpaper,Secret Factory,Sugar Shack,Gulf,Second Class,1399.6646429982889,101.74011679034015,6.776328376943693,210.44773697999224,30.927620626612352,0.9322429906542056,19.067757009345794,9.067757009345794,90.67757009345794,2136.7328059710176,100.0,Potential Reassignment,Acceptable
Lickable Wallpaper,Secret Factory,Lot's O' Nuts,Gulf,Second Class,1434.6999133844322,66.70484640419681,4.442829021907968,266.87888223426404,12.405998444244187,1.1008819922648807,18.89911800773512,8.899118007735119,88.99118007735119,2100.5308123042055,45.67240618502796,Potential Reassignment,Acceptable
Lickable Wallpaper,Secret Factory,Wicked Choccy's,Gulf,Second Class,1437.0757233939196,64.32903639470942,4.284589879931231,260.0116889313364,14.65992328020145,1.216516817801788,18.78348318219821,8.78348318219821,87.8348318219821,897.8239432041659,43.75824660304568,Potential Reassignment,Acceptable
Lickable Wallpaper,Secret Factory,Sugar Shack,Gulf,Standard Class,1388.2815100476628,101.74011679034015,6.8280966502643565,210.44773697999224,30.927620626612352,0.9322429906542056,19.067757009345794,9.067757009345794,90.67757009345794,2136.7328059710176,100.0,Potential Reassignment,Acceptable
Lickable Wallpaper,Secret Factory,Lot's O' Nuts,Gulf,Standard Class,1423.3167804338061,66.70484640419681,4.476770350357408,266.87888223426404,12.405998444244187,1.1008819922648807,18.89911800773512,8.899118007735119,88.99118007735119,2100.5308123042055,45.672406185028116,Potential Reassignment,Acceptable
Lickable Wallpaper,Secret Factory,Wicked Choccy's,Gulf,Standard Class,1425.6925904432937,64.32903639470919,4.317322328483432,260.0116889313364,14.65992328020145,1.216516817801788,18.78348318219821,8.78348318219821,87.8348318219821,897.8239432041659,43.75824660304563,Potential Reassignment,Acceptable
Lickable Wallpaper,Secret Factory,Sugar Shack,Interior,First Class,1432.0919233752418,101.74011679034015,6.633067645356854,235.25726799156945,23.0655457098506,0.9322429906542056,19.067757009345794,9.067757009345794,90.67757009345794,1018.4239278200666,100.0,Potential Reassignment,Acceptable
Lickable Wallpaper,Secret Factory,Lot's O' Nuts,Interior,First Class,1467.1271937613851,66.70484640419681,4.348901617480609,258.4114381726021,15.493607709266346,1.1008819922648807,18.89911800773512,8.899118007735119,88.99118007735119,1652.3798078410057,56.55251414606597,Potential Reassignment,Acceptable
Lickable Wallpaper,Secret Factory,Wicked Choccy's,Interior,First Class,1469.5030037708725,64.32903639470942,4.194007864626749,266.03206567220985,13.00148993949,1.216516817801788,18.78348318219821,8.78348318219821,87.8348318219821,1472.986345145029,50.15251483305676,Potential Reassignment,Acceptable
Lickable Wallpaper,Secret Factory,Sugar Shack,Interior,Same Day,1417.450575836392,101.74011679034015,6.69699447766021,235.25726799156945,23.0655457098506,0.9322429906542056,19.067757009345794,9.067757009345794,90.67757009345794,1018.4239278200666,100.0,Potential Reassignment,Acceptable
Lickable Wallpaper,Secret Factory,Lot's O' Nuts,Interior,Same Day,1452.4858462225354,66.70484640419681,4.390814578310895,258.4114381726021,15.493607709266346,1.1008819922648807,18.89911800773512,8.899118007735119,88.99118007735119,1652.3798078410057,56.55251414606597,Potential Reassignment,Acceptable
Lickable Wallpaper,Secret Factory,Wicked Choccy's,Interior,Same Day,1454.8616562320228,64.32903639470942,4.234428021901736,266.03206567220985,13.00148993949,1.216516817801788,18.78348318219821,8.78348318219821,87.8348318219821,1472.986345145029,50.15251483305677,Potential Reassignment,Acceptable
Lickable Wallpaper,Secret Factory,Sugar Shack,Interior,Second Class,1419.853213158724,101.74011679034038,6.686419740926845,235.25726799156945,23.0655457098506,0.9322429906542056,19.067757009345794,9.067757009345794,90.67757009345794,1018.4239278200666,100.0,Potential Reassignment,Acceptable
Lickable Wallpaper,Secret Factory,Lot's O' Nuts,Interior,Second Class,1454.8884835448673,66.70484640419704,4.383881362468249,258.4114381726021,15.493607709266346,1.1008819922648807,18.89911800773512,8.899118007735119,88.99118007735119,1652.3798078410057,56.55251414606597,Potential Reassignment,Acceptable
Lickable Wallpaper,Secret Factory,Wicked Choccy's,Interior,Second Class,1457.264293554355,64.32903639470942,4.2277417446922465,266.03206567220985,13.00148993949,1.216516817801788,18.78348318219821,8.78348318219821,87.8348318219821,1472.986345145029,50.15251483305656,Potential Reassignment,Acceptable
Lickable Wallpaper,Secret Factory,Sugar Shack,Interior,Standard Class,1408.4700802080981,101.74011679034015,6.73681829142393,235.25726799156945,23.0655457098506,0.9322429906542056,19.067757009345794,9.067757009345794,90.67757009345794,1018.4239278200666,100.0,Potential Reassignment,Acceptable
Lickable Wallpaper,Secret Factory,Lot's O' Nuts,Interior,Standard Class,1443.5053505942415,66.70484640419681,4.416924646434882,258.4114381726021,15.493607709266346,1.1008819922648807,18.89911800773512,8.899118007735119,88.99118007735119,1652.3798078410057,56.5525141460658,Potential Reassignment,Acceptable
Lickable Wallpaper,Secret Factory,Wicked Choccy's,Interior,Standard Class,1445.8811606037289,64.32903639470942,4.2596081341898095,266.03206567220985,13.00148993949,1.216516817801788,18.78348318219821,8.78348318219821,87.8348318219821,1472.986345145029,50.15251483305661,Potential Reassignment,Acceptable
Lickable Wallpaper,Secret Factory,Sugar Shack,Pacific,First Class,1430.5554897121133,101.74011679034038,6.6397186260011285,210.15549798502377,26.744946567827228,0.9322429906542056,19.067757009345794,9.067757009345794,90.67757009345794,2294.990439990625,100.0,Potential Reassignment,Acceptable
Lickable Wallpaper,Secret Factory,Lot's O' Nuts,Pacific,First Class,1465.5907600982566,66.70484640419704,4.3532622635689995,266.9248942448598,6.956527058465485,1.1008819922648807,18.89911800773512,8.899118007735119,88.99118007735119,878.5208852512897,42.56605257570626,Potential Reassignment,Acceptable
Lickable Wallpaper,Secret Factory,Wicked Choccy's,Pacific,First Class,1467.9665701077442,64.32903639470942,4.198213198662357,266.21497467024545,7.2039876144325925,1.216516817801788,18.78348318219821,8.78348318219821,87.8348318219821,3580.9141948722836,38.73699926266241,Potential Reassignment,Acceptable
Lickable Wallpaper,Secret Factory,Sugar Shack,Pacific,Same Day,1415.9141421732636,101.74011679034015,6.703774340528508,210.15549798502377,26.744946567827228,0.9322429906542056,19.067757009345794,9.067757009345794,90.67757009345794,2294.990439990625,100.0,Potential Reassignment,Acceptable
Lickable Wallpaper,Secret Factory,Lot's O' Nuts,Pacific,Same Day,1450.949412559407,66.70484640419681,4.395259724685195,266.9248942448598,6.956527058465485,1.1008819922648807,18.89911800773512,8.899118007735119,88.99118007735119,878.5208852512897,42.56605257570627,Potential Reassignment,Acceptable
Lickable Wallpaper,Secret Factory,Wicked Choccy's,Pacific,Same Day,1453.3252225688946,64.32903639470919,4.238714846597477,266.21497467024545,7.2039876144325925,1.216516817801788,18.78348318219821,8.78348318219821,87.8348318219821,3580.9141948722836,38.736999262662415,Potential Reassignment,Acceptable
Lickable Wallpaper,Secret Factory,Sugar Shack,Pacific,Second Class,1418.3167794955957,101.74011679034015,6.693178198719344,210.15549798502377,26.744946567827228,0.9322429906542056,19.067757009345794,9.067757009345794,90.67757009345794,2294.990439990625,100.0,Potential Reassignment,Acceptable
Lickable Wallpaper,Secret Factory,Lot's O' Nuts,Pacific,Second Class,1453.352049881739,66.70484640419681,4.3883124748278535,266.9248942448598,6.956527058465485,1.1008819922648807,18.89911800773512,8.899118007735119,88.99118007735119,878.5208852512897,42.566052575706095,Potential Reassignment,Acceptable
Lickable Wallpaper,Secret Factory,Wicked Choccy's,Pacific,Second Class,1455.7278598912264,64.32903639470942,4.2320150352193515,266.21497467024545,7.2039876144325925,1.216516817801788,18.78348318219821,8.78348318219821,87.8348318219821,3580.9141948722836,38.73699926266247,Potential Reassignment,Acceptable
Lickable Wallpaper,Secret Factory,Sugar Shack,Pacific,Standard Class,1406.9336465449696,101.74011679034015,6.74367906852291,210.15549798502377,26.744946567827228,0.9322429906542056,19.067757009345794,9.067757009345794,90.67757009345794,2294.990439990625,100.0,Potential Reassignment,Acceptable
Lickable Wallpaper,Secret Factory,Lot's O' Nuts,Pacific,Standard Class,1441.968916931113,66.70484640419681,4.421422843380577,266.9248942448598,6.956527058465485,1.1008819922648807,18.89911800773512,8.899118007735119,88.99118007735119,878.5208852512897,42.56605257570625,Potential Reassignment,Acceptable
Lickable Wallpaper,Secret Factory,Wicked Choccy's,Pacific,Standard Class,1444.3447269406004,64.32903639470942,4.263946119967885,266.21497467024545,7.2039876144325925,1.216516817801788,18.78348318219821,8.78348318219821,87.8348318219821,3580.9141948722836,38.73699926266262,Potential Reassignment,Acceptable
Nerds,Sugar Shack,Lot's O' Nuts,Atlantic,First Class,1332.6571135532868,-35.03527038614334,-2.6999599745201373,255.74106237686206,6.870130054846099,2.752204980662202,0.997795019337798,-0.752204980662202,-42.983141752125825,3313.279674146417,69.25187325413022,Do Not Reassign,Acceptable
Nerds,Sugar Shack,Wicked Choccy's,Atlantic,First Class,1335.0329235627744,-37.41108039563096,-2.8830495257632722,255.1409819527574,7.088653475895895,3.0412920445044698,0.7087079554955302,-1.0412920445044698,-59.50240254311255,966.7174915154925,68.29596904410194,Do Not Reassign,Acceptable
Nerds,Sugar Shack,Secret Factory,Atlantic,First Class,1399.3619599574838,-101.74011679034038,-7.8405058704946216,276.9399222084468,-0.8495808150171271,1.7423312883435584,2.0076687116564416,0.25766871165644156,14.723926380368088,1290.869670067162,54.49999999999999,Do Not Reassign,Higher variability risk
Nerds,Sugar Shack,Lot's O' Nuts,Atlantic,Same Day,1318.015766014437,-35.03527038614334,-2.7307718632921283,255.74106237686206,6.870130054846099,2.752204980662202,0.997795019337798,-0.752204980662202,-42.983141752125825,3313.279674146417,69.25187325413022,Do Not Reassign,Acceptable
Nerds,Sugar Shack,Wicked Choccy's,Atlantic,Same Day,1320.3915760239247,-37.41108039563096,-2.915950828801199,255.1409819527574,7.088653475895895,3.0412920445044698,0.7087079554955302,-1.0412920445044698,-59.50240254311255,966.7174915154925,68.29596904410194,Do Not Reassign,Acceptable
Nerds,Sugar Shack,Secret Factory,Atlantic,Same Day,1384.7206124186341,-101.74011679034038,-7.92998156534849,276.9399222084468,-0.8495808150171271,1.7423312883435584,2.0076687116564416,0.25766871165644156,14.723926380368088,1290.869670067162,54.49999999999999,Do Not Reassign,Higher variability risk
Nerds,Sugar Shack,Lot's O' Nuts,Atlantic,Second Class,1320.4184033367692,-35.03527038614334,-2.7256675062881124,255.74106237686206,6.870130054846099,2.752204980662202,0.997795019337798,-0.752204980662202,-42.983141752125825,3313.279674146417,69.25187325413022,Do Not Reassign,Acceptable
Nerds,Sugar Shack,Wicked Choccy's,Atlantic,Second Class,1322.7942133462566,-37.411080395630734,-2.9105003353943784,255.1409819527574,7.088653475895895,3.0412920445044698,0.7087079554955302,-1.0412920445044698,-59.50240254311255,966.7174915154925,68.29596904410194,Do Not Reassign,Acceptable
Nerds,Sugar Shack,Secret Factory,Atlantic,Second Class,1387.123249740966,-101.74011679034015,-7.9151588489257225,276.9399222084468,-0.8495808150171271,1.7423312883435584,2.0076687116564416,0.25766871165644156,14.723926380368088,1290.869670067162,54.49999999999999,Do Not Reassign,Higher variability risk
Nerds,Sugar Shack,Lot's O' Nuts,Atlantic,Standard Class,1309.035270386143,-35.03527038614334,-2.7500212234021464,255.74106237686206,6.870130054846099,2.752204980662202,0.997795019337798,-0.752204980662202,-42.983141752125825,3313.279674146417,69.25187325413022,Do Not Reassign,Acceptable
Nerds,Sugar Shack,Wicked Choccy's,Atlantic,Standard Class,1311.4110803956307,-37.41108039563096,-2.9365055255597303,255.1409819527574,7.088653475895895,3.0412920445044698,0.7087079554955302,-1.0412920445044698,-59.50240254311255,966.7174915154925,68.29596904410194,Do Not Reassign,Acceptable
Nerds,Sugar Shack,Secret Factory,Atlantic,Standard Class,1375.74011679034,-101.74011679034015,-7.98588043880221,276.9399222084468,-0.8495808150171271,1.7423312883435584,2.0076687116564416,0.25766871165644156,14.723926380368088,1290.869670067162,54.49999999999999,Do Not Reassign,Higher variability risk
Nerds,Sugar Shack,Secret Factory,Gulf,First Class,1385.9911733535903,-101.74011679034038,-7.922136117419627,304.67712114326554,-44.775669967043605,1.7423312883435584,2.0076687116564416,0.25766871165644156,14.723926380368088,1329.3492378052736,64.99999999999999,Do Not Reassign,Higher variability risk
Nerds,Sugar Shack,Lot's O' Nuts,Gulf,First Class,1319.2863269493932,-35.03527038614334,-2.7280702014682623,266.87888223426404,-26.814802603288072,2.752204980662202,0.997795019337798,-0.752204980662202,-42.983141752125825,2100.5308123042055,59.39924469888345,Do Not Reassign,Higher variability risk
Nerds,Sugar Shack,Wicked Choccy's,Gulf,First Class,1321.6621369588809,-37.41108039563096,-2.913065962020367,260.0116889313364,-23.551667821477356,3.0412920445044698,0.7087079554955302,-1.0412920445044698,-59.50240254311255,897.8239432041659,57.79596904410194,Do Not Reassign,Higher variability risk
Nerds,Sugar Shack,Secret Factory,Gulf,Same Day,1371.3498258147406,-101.74011679034038,-8.013495491344345,304.67712114326554,-44.775669967043605,1.7423312883435584,2.0076687116564416,0.25766871165644156,14.723926380368088,1329.3492378052736,64.99999999999999,Do Not Reassign,Higher variability risk
Nerds,Sugar Shack,Lot's O' Nuts,Gulf,Same Day,1304.6449794105436,-35.03527038614334,-2.7595307547754433,266.87888223426404,-26.814802603288072,2.752204980662202,0.997795019337798,-0.752204980662202,-42.983141752125825,2100.5308123042055,59.39924469888345,Do Not Reassign,Higher variability risk
Nerds,Sugar Shack,Wicked Choccy's,Gulf,Same Day,1307.0207894200312,-37.41108039563096,-2.946659916800618,260.0116889313364,-23.551667821477356,3.0412920445044698,0.7087079554955302,-1.0412920445044698,-59.50240254311255,897.8239432041659,57.79596904410194,Do Not Reassign,Higher variability risk
Nerds,Sugar Shack,Secret Factory,Gulf,Second Class,1373.7524631370725,-101.74011679034015,-7.998359220532852,304.67712114326554,-44.775669967043605,1.7423312883435584,2.0076687116564416,0.25766871165644156,14.723926380368088,1329.3492378052736,64.99999999999999,Do Not Reassign,Higher variability risk
Nerds,Sugar Shack,Lot's O' Nuts,Gulf,Second Class,1307.0476167328757,-35.03527038614334,-2.754318422047236,266.87888223426404,-26.814802603288072,2.752204980662202,0.997795019337798,-0.752204980662202,-42.983141752125825,2100.5308123042055,59.39924469888345,Do Not Reassign,Higher variability risk
Nerds,Sugar Shack,Wicked Choccy's,Gulf,Second Class,1309.423426742363,-37.411080395630734,-2.9410941256251775,260.0116889313364,-23.551667821477356,3.0412920445044698,0.7087079554955302,-1.0412920445044698,-59.50240254311255,897.8239432041659,57.79596904410194,Do Not Reassign,Higher variability risk
Nerds,Sugar Shack,Secret Factory,Gulf,Standard Class,1362.3693301864464,-101.74011679034015,-8.07058219095642,304.67712114326554,-44.775669967043605,1.7423312883435584,2.0076687116564416,0.25766871165644156,14.723926380368088,1329.3492378052736,64.99999999999999,Do Not Reassign,Higher variability risk
Nerds,Sugar Shack,Lot's O' Nuts,Gulf,Standard Class,1295.6644837822496,-35.03527038614334,-2.7791891552123498,266.87888223426404,-26.814802603288072,2.752204980662202,0.997795019337798,-0.752204980662202,-42.983141752125825,2100.5308123042055,59.39924469888345,Do Not Reassign,Higher variability risk
Nerds,Sugar Shack,Wicked Choccy's,Gulf,Standard Class,1298.0402937917372,-37.41108039563096,-2.9676513917083014,260.0116889313364,-23.551667821477356,3.0412920445044698,0.7087079554955302,-1.0412920445044698,-59.50240254311255,897.8239432041659,57.79596904410194,Do Not Reassign,Higher variability risk
Nerds,Sugar Shack,Secret Factory,Interior,First Class,1406.1797435140254,-101.74011679034015,-7.79952668609717,305.78922039834566,-29.980775093122208,1.7423312883435584,2.0076687116564416,0.25766871165644156,14.723926380368088,464.37744638282044,64.99999999999999,Do Not Reassign,Higher variability risk
Nerds,Sugar Shack,Lot's O' Nuts,Interior,First Class,1339.4748971098286,-35.03527038614334,-2.685848364951944,258.4114381726021,-9.842063702730073,2.752204980662202,0.997795019337798,-0.752204980662202,-42.983141752125825,1652.3798078410057,59.39924469888345,Do Not Reassign,Higher variability risk
Nerds,Sugar Shack,Wicked Choccy's,Interior,First Class,1341.850707119316,-37.411080395630734,-2.867980980430257,266.03206567220985,-13.0813376961188,3.0412920445044698,0.7087079554955302,-1.0412920445044698,-59.50240254311255,1472.986345145029,57.79596904410194,Do Not Reassign,Higher variability risk
Nerds,Sugar Shack,Secret Factory,Interior,Same Day,1391.5383959751757,-101.74011679034015,-7.888064237040295,305.78922039834566,-29.980775093122208,1.7423312883435584,2.0076687116564416,0.25766871165644156,14.723926380368088,464.37744638282044,64.99999999999999,Do Not Reassign,Higher variability risk
Nerds,Sugar Shack,Lot's O' Nuts,Interior,Same Day,1324.833549570979,-35.03527038614334,-2.716337194083245,258.4114381726021,-9.842063702730073,2.752204980662202,0.997795019337798,-0.752204980662202,-42.983141752125825,1652.3798078410057,59.39924469888345,Do Not Reassign,Higher variability risk
Nerds,Sugar Shack,Wicked Choccy's,Interior,Same Day,1327.2093595804663,-37.411080395630734,-2.900537316523238,266.03206567220985,-13.0813376961188,3.0412920445044698,0.7087079554955302,-1.0412920445044698,-59.50240254311255,1472.986345145029,57.79596904410194,Do Not Reassign,Higher variability risk
Nerds,Sugar Shack,Secret Factory,Interior,Second Class,1393.9410332975078,-101.74011679034015,-7.873397665228773,305.78922039834566,-29.980775093122208,1.7423312883435584,2.0076687116564416,0.25766871165644156,14.723926380368088,464.37744638282044,64.99999999999999,Do Not Reassign,Higher variability risk
Nerds,Sugar Shack,Lot's O' Nuts,Interior,Second Class,1327.2361868933108,-35.03527038614311,-2.711286607104707,258.4114381726021,-9.842063702730073,2.752204980662202,0.997795019337798,-0.752204980662202,-42.983141752125825,1652.3798078410057,59.39924469888345,Do Not Reassign,Higher variability risk
Nerds,Sugar Shack,Wicked Choccy's,Interior,Second Class,1329.6119969027984,-37.411080395630734,-2.89514423939222,266.03206567220985,-13.0813376961188,3.0412920445044698,0.7087079554955302,-1.0412920445044698,-59.50240254311255,1472.986345145029,57.79596904410194,Do Not Reassign,Higher variability risk
Nerds,Sugar Shack,Secret Factory,Interior,Standard Class,1382.5579003468818,-101.74011679034015,-7.943371656492062,305.78922039834566,-29.980775093122208,1.7423312883435584,2.0076687116564416,0.25766871165644156,14.723926380368088,464.37744638282044,64.99999999999999,Do Not Reassign,Higher variability risk
Nerds,Sugar Shack,Lot's O' Nuts,Interior,Standard Class,1315.853053942685,-35.03527038614334,-2.735382880838702,258.4114381726021,-9.842063702730073,2.752204980662202,0.997795019337798,-0.752204980662202,-42.983141752125825,1652.3798078410057,59.39924469888345,Do Not Reassign,Higher variability risk
Nerds,Sugar Shack,Wicked Choccy's,Interior,Standard Class,1318.2288639521723,-37.411080395630734,-2.920874528439839,266.03206567220985,-13.0813376961188,3.0412920445044698,0.7087079554955302,-1.0412920445044698,-59.50240254311255,1472.986345145029,57.79596904410194,Do Not Reassign,Higher variability risk
Nerds,Sugar Shack,Secret Factory,Pacific,First Class,1404.6433098508971,-101.74011679034038,-7.8087241885830325,286.8819120848882,-36.509353709762166,1.7423312883435584,2.0076687116564416,0.25766871165644156,14.723926380368088,2570.299818307878,64.99999999999999,Do Not Reassign,Higher variability risk
Nerds,Sugar Shack,Lot's O' Nuts,Pacific,First Class,1337.9384634467,-35.03527038614334,-2.6890156208647005,266.9248942448598,-27.0130435816062,2.752204980662202,0.997795019337798,-0.752204980662202,-42.983141752125825,878.5208852512897,59.39924469888345,Do Not Reassign,Higher variability risk
Nerds,Sugar Shack,Wicked Choccy's,Pacific,First Class,1340.3142734561877,-37.41108039563096,-2.8713630141431508,266.21497467024545,-26.67523677596892,3.0412920445044698,0.7087079554955302,-1.0412920445044698,-59.50240254311255,3580.9141948722836,57.79596904410194,Do Not Reassign,Higher variability risk
Nerds,Sugar Shack,Secret Factory,Pacific,Same Day,1390.0019623120475,-101.74011679034038,-7.897471864435969,286.8819120848882,-36.509353709762166,1.7423312883435584,2.0076687116564416,0.25766871165644156,14.723926380368088,2570.299818307878,64.99999999999999,Do Not Reassign,Higher variability risk
Nerds,Sugar Shack,Lot's O' Nuts,Pacific,Same Day,1323.2971159078504,-35.03527038614334,-2.7195768087003396,266.9248942448598,-27.0130435816062,2.752204980662202,0.997795019337798,-0.752204980662202,-42.983141752125825,878.5208852512897,59.39924469888345,Do Not Reassign,Higher variability risk
Nerds,Sugar Shack,Wicked Choccy's,Pacific,Same Day,1325.672925917338,-37.41108039563096,-2.903996615725323,266.21497467024545,-26.67523677596892,3.0412920445044698,0.7087079554955302,-1.0412920445044698,-59.50240254311255,3580.9141948722836,57.79596904410194,Do Not Reassign,Higher variability risk
Nerds,Sugar Shack,Secret Factory,Pacific,Second Class,1392.4045996343793,-101.74011679034015,-7.882770320459357,286.8819120848882,-36.509353709762166,1.7423312883435584,2.0076687116564416,0.25766871165644156,14.723926380368088,2570.299818307878,64.99999999999999,Do Not Reassign,Higher variability risk
Nerds,Sugar Shack,Lot's O' Nuts,Pacific,Second Class,1325.6997532301825,-35.03527038614334,-2.714514178692009,266.9248942448598,-27.0130435816062,2.752204980662202,0.997795019337798,-0.752204980662202,-42.983141752125825,878.5208852512897,59.39924469888345,Do Not Reassign,Higher variability risk
Nerds,Sugar Shack,Wicked Choccy's,Pacific,Second Class,1328.07556323967,-37.411080395630734,-2.89859067890314,266.21497467024545,-26.67523677596892,3.0412920445044698,0.7087079554955302,-1.0412920445044698,-59.50240254311255,3580.9141948722836,57.79596904410194,Do Not Reassign,Higher variability risk
Nerds,Sugar Shack,Secret Factory,Pacific,Standard Class,1381.0214666837533,-101.74011679034015,-7.952911749930296,286.8819120848882,-36.509353709762166,1.7423312883435584,2.0076687116564416,0.25766871165644156,14.723926380368088,2570.299818307878,64.99999999999999,Do Not Reassign,Higher variability risk
Nerds,Sugar Shack,Lot's O' Nuts,Pacific,Standard Class,1314.3166202795564,-35.03527038614334,-2.7386681115192055,266.9248942448598,-27.0130435816062,2.752204980662202,0.997795019337798,-0.752204980662202,-42.983141752125825,878.5208852512897,59.39924469888345,Do Not Reassign,Higher variability risk
Nerds,Sugar Shack,Wicked Choccy's,Pacific,Standard Class,1316.6924302890438,-37.411080395630734,-2.9243825370195338,266.21497467024545,-26.67523677596892,3.0412920445044698,0.7087079554955302,-1.0412920445044698,-59.50240254311255,3580.9141948722836,57.79596904410194,Do Not Reassign,Higher variability risk
SweeTARTS,Sugar Shack,Lot's O' Nuts,Atlantic,First Class,1408.3711912415072,-35.03527038614334,-2.5511071147343243,255.74106237686206,6.870130054846099,4.403527969059523,1.5964720309404772,-1.2035279690595226,-42.98314175212581,3313.279674146417,69.25187325413023,Do Not Reassign,Acceptable
SweeTARTS,Sugar Shack,Wicked Choccy's,Atlantic,First Class,1410.7470012509946,-37.411080395630734,-2.724102663267538,255.1409819527574,7.088653475895895,4.866067271207152,1.133932728792848,-1.6660672712071518,-59.50240254311257,966.7174915154925,68.29596904410194,Do Not Reassign,Acceptable
SweeTARTS,Sugar Shack,Secret Factory,Atlantic,First Class,1475.076037645704,-101.74011679034015,-7.4082469733241005,276.9399222084468,-0.8495808150171271,2.7877300613496936,3.2122699386503064,0.4122699386503066,14.723926380368093,1290.869670067162,54.49999999999999,Do Not Reassign,Higher variability risk
SweeTARTS,Sugar Shack,Lot's O' Nuts,Atlantic,Same Day,1393.7298437026575,-35.03527038614334,-2.5785979479276033,255.74106237686206,6.870130054846099,4.403527969059523,1.5964720309404772,-1.2035279690595226,-42.98314175212581,3313.279674146417,69.25187325413023,Do Not Reassign,Acceptable
SweeTARTS,Sugar Shack,Wicked Choccy's,Atlantic,Same Day,1396.1056537121449,-37.411080395630734,-2.753457703471349,255.1409819527574,7.088653475895895,4.866067271207152,1.133932728792848,-1.6660672712071518,-59.50240254311257,966.7174915154925,68.29596904410194,Do Not Reassign,Acceptable
SweeTARTS,Sugar Shack,Secret Factory,Atlantic,Same Day,1460.4346901068543,-101.74011679034015,-7.488078541595773,276.9399222084468,-0.8495808150171271,2.7877300613496936,3.2122699386503064,0.4122699386503066,14.723926380368093,1290.869670067162,54.49999999999999,Do Not Reassign,Higher variability risk
SweeTARTS,Sugar Shack,Lot's O' Nuts,Atlantic,Second Class,1396.1324810249896,-35.03527038614334,-2.5740461527872167,255.74106237686206,6.870130054846099,4.403527969059523,1.5964720309404772,-1.2035279690595226,-42.98314175212581,3313.279674146417,69.25187325413023,Do Not Reassign,Acceptable
SweeTARTS,Sugar Shack,Wicked Choccy's,Atlantic,Second Class,1398.508291034477,-37.411080395630734,-2.748597242225735,255.1409819527574,7.088653475895895,4.866067271207152,1.133932728792848,-1.6660672712071518,-59.50240254311257,966.7174915154925,68.29596904410194,Do Not Reassign,Acceptable
SweeTARTS,Sugar Shack,Secret Factory,Atlantic,Second Class,1462.8373274291864,-101.74011679034015,-7.474860428417694,276.9399222084468,-0.8495808150171271,2.7877300613496936,3.2122699386503064,0.4122699386503066,14.723926380368093,1290.869670067162,54.49999999999999,Do Not Reassign,Higher variability risk
SweeTARTS,Sugar Shack,Lot's O' Nuts,Atlantic,Standard Class,1384.7493480743635,-35.03527038614334,-2.595754979910373,255.74106237686206,6.870130054846099,4.403527969059523,1.5964720309404772,-1.2035279690595226,-42.98314175212581,3313.279674146417,69.25187325413023,Do Not Reassign,Acceptable
SweeTARTS,Sugar Shack,Wicked Choccy's,Atlantic,Standard Class,1387.125158083851,-37.411080395630734,-2.771778187251936,255.1409819527574,7.088653475895895,4.866067271207152,1.133932728792848,-1.6660672712071518,-59.50240254311257,966.7174915154925,68.29596904410194,Do Not Reassign,Acceptable
SweeTARTS,Sugar Shack,Secret Factory,Atlantic,Standard Class,1451.4541944785603,-101.74011679034015,-7.537901432027725,276.9399222084468,-0.8495808150171271,2.7877300613496936,3.2122699386503064,0.4122699386503066,14.723926380368093,1290.869670067162,54.49999999999999,Do Not Reassign,Higher variability risk
SweeTARTS,Sugar Shack,Secret Factory,Gulf,First Class,1461.7052510418105,-101.74011679034015,-7.48108272984059,304.67712114326554,-44.775669967043605,2.7877300613496936,3.2122699386503064,0.4122699386503066,14.723926380368093,1329.3492378052736,64.99999999999999,Do Not Reassign,Higher variability risk
SweeTARTS,Sugar Shack,Lot's O' Nuts,Gulf,First Class,1395.0004046376137,-35.03527038614334,-2.576188867182016,266.87888223426404,-26.814802603288072,4.403527969059523,1.5964720309404772,-1.2035279690595226,-42.98314175212581,2100.5308123042055,59.39924469888345,Do Not Reassign,Higher variability risk
SweeTARTS,Sugar Shack,Wicked Choccy's,Gulf,First Class,1397.376214647101,-37.411080395630734,-2.750885258262296,260.0116889313364,-23.551667821477356,4.866067271207152,1.133932728792848,-1.6660672712071518,-59.50240254311257,897.8239432041659,57.79596904410194,Do Not Reassign,Higher variability risk
SweeTARTS,Sugar Shack,Secret Factory,Gulf,Same Day,1447.0639035029608,-101.74011679034015,-7.562500402891725,304.67712114326554,-44.775669967043605,2.7877300613496936,3.2122699386503064,0.4122699386503066,14.723926380368093,1329.3492378052736,64.99999999999999,Do Not Reassign,Higher variability risk
SweeTARTS,Sugar Shack,Lot's O' Nuts,Gulf,Same Day,1380.359057098764,-35.03527038614334,-2.6042258920994867,266.87888223426404,-26.814802603288072,4.403527969059523,1.5964720309404772,-1.2035279690595226,-42.98314175212581,2100.5308123042055,59.39924469888345,Do Not Reassign,Higher variability risk
SweeTARTS,Sugar Shack,Wicked Choccy's,Gulf,Same Day,1382.7348671082514,-37.411080395630734,-2.7808235285162803,260.0116889313364,-23.551667821477356,4.866067271207152,1.133932728792848,-1.6660672712071518,-59.50240254311257,897.8239432041659,57.79596904410194,Do Not Reassign,Higher variability risk
SweeTARTS,Sugar Shack,Secret Factory,Gulf,Second Class,1449.466540825293,-101.74011679034015,-7.549018478523322,304.67712114326554,-44.775669967043605,2.7877300613496936,3.2122699386503064,0.4122699386503066,14.723926380368093,1329.3492378052736,64.99999999999999,Do Not Reassign,Higher variability risk
SweeTARTS,Sugar Shack,Lot's O' Nuts,Gulf,Second Class,1382.7616944210959,-35.03527038614311,-2.5995832508240917,266.87888223426404,-26.814802603288072,4.403527969059523,1.5964720309404772,-1.2035279690595226,-42.98314175212581,2100.5308123042055,59.39924469888345,Do Not Reassign,Higher variability risk
SweeTARTS,Sugar Shack,Wicked Choccy's,Gulf,Second Class,1385.1375044305835,-37.411080395630734,-2.7758660606820964,260.0116889313364,-23.551667821477356,4.866067271207152,1.133932728792848,-1.6660672712071518,-59.50240254311257,897.8239432041659,57.79596904410194,Do Not Reassign,Higher variability risk
SweeTARTS,Sugar Shack,Secret Factory,Gulf,Standard Class,1438.0834078746668,-101.74011679034015,-7.613321926268426,304.67712114326554,-44.775669967043605,2.7877300613496936,3.2122699386503064,0.4122699386503066,14.723926380368093,1329.3492378052736,64.99999999999999,Do Not Reassign,Higher variability risk
SweeTARTS,Sugar Shack,Lot's O' Nuts,Gulf,Standard Class,1371.37856147047,-35.03527038614334,-2.6217268137527188,266.87888223426404,-26.814802603288072,4.403527969059523,1.5964720309404772,-1.2035279690595226,-42.98314175212581,2100.5308123042055,59.39924469888345,Do Not Reassign,Higher variability risk
SweeTARTS,Sugar Shack,Wicked Choccy's,Gulf,Standard Class,1373.7543714799574,-37.411080395630734,-2.7995112217965255,260.0116889313364,-23.551667821477356,4.866067271207152,1.133932728792848,-1.6660672712071518,-59.50240254311257,897.8239432041659,57.79596904410194,Do Not Reassign,Higher variability risk
SweeTARTS,Sugar Shack,Secret Factory,Interior,First Class,1481.8938212022458,-101.74011679034015,-7.371651176612421,305.78922039834566,-29.980775093122208,2.7877300613496936,3.2122699386503064,0.4122699386503066,14.723926380368093,464.37744638282044,64.99999999999999,Do Not Reassign,Higher variability risk
SweeTARTS,Sugar Shack,Lot's O' Nuts,Interior,First Class,1415.188974798049,-35.03527038614334,-2.538504970435314,258.4114381726021,-9.842063702730073,4.403527969059523,1.5964720309404772,-1.2035279690595226,-42.98314175212581,1652.3798078410057,59.39924469888345,Do Not Reassign,Higher variability risk
SweeTARTS,Sugar Shack,Wicked Choccy's,Interior,First Class,1417.5647848075364,-37.411080395630734,-2.710645942987335,266.03206567220985,-13.0813376961188,4.866067271207152,1.133932728792848,-1.6660672712071518,-59.50240254311257,1472.986345145029,57.79596904410194,Do Not Reassign,Higher variability risk
SweeTARTS,Sugar Shack,Secret Factory,Interior,Same Day,1467.2524736633961,-101.74011679034015,-7.450691769887687,305.78922039834566,-29.980775093122208,2.7877300613496936,3.2122699386503064,0.4122699386503066,14.723926380368093,464.37744638282044,64.99999999999999,Do Not Reassign,Higher variability risk
SweeTARTS,Sugar Shack,Lot's O' Nuts,Interior,Same Day,1400.5476272591993,-35.03527038614334,-2.5657234231385555,258.4114381726021,-9.842063702730073,4.403527969059523,1.5964720309404772,-1.2035279690595226,-42.98314175212581,1652.3798078410057,59.39924469888345,Do Not Reassign,Higher variability risk
SweeTARTS,Sugar Shack,Wicked Choccy's,Interior,Same Day,1402.9234372686867,-37.411080395630734,-2.7397101320488915,266.03206567220985,-13.0813376961188,4.866067271207152,1.133932728792848,-1.6660672712071518,-59.50240254311257,1472.986345145029,57.79596904410194,Do Not Reassign,Higher variability risk
SweeTARTS,Sugar Shack,Secret Factory,Interior,Second Class,1469.655110985728,-101.74011679034015,-7.437605203690602,305.78922039834566,-29.980775093122208,2.7877300613496936,3.2122699386503064,0.4122699386503066,14.723926380368093,464.37744638282044,64.99999999999999,Do Not Reassign,Higher variability risk
SweeTARTS,Sugar Shack,Lot's O' Nuts,Interior,Second Class,1402.9502645815312,-35.03527038614334,-2.5612169275731347,258.4114381726021,-9.842063702730073,4.403527969059523,1.5964720309404772,-1.2035279690595226,-42.98314175212581,1652.3798078410057,59.39924469888345,Do Not Reassign,Higher variability risk
SweeTARTS,Sugar Shack,Wicked Choccy's,Interior,Second Class,1405.3260745910188,-37.41108039563096,-2.734898042230781,266.03206567220985,-13.0813376961188,4.866067271207152,1.133932728792848,-1.6660672712071518,-59.50240254311257,1472.986345145029,57.79596904410194,Do Not Reassign,Higher variability risk
SweeTARTS,Sugar Shack,Secret Factory,Interior,Standard Class,1458.2719780351022,-101.74011679034015,-7.500016748370568,305.78922039834566,-29.980775093122208,2.7877300613496936,3.2122699386503064,0.4122699386503066,14.723926380368093,464.37744638282044,64.99999999999999,Do Not Reassign,Higher variability risk
SweeTARTS,Sugar Shack,Lot's O' Nuts,Interior,Standard Class,1391.5671316309054,-35.03527038614334,-2.582708993948344,258.4114381726021,-9.842063702730073,4.403527969059523,1.5964720309404772,-1.2035279690595226,-42.98314175212581,1652.3798078410057,59.39924469888345,Do Not Reassign,Higher variability risk
SweeTARTS,Sugar Shack,Wicked Choccy's,Interior,Standard Class,1393.9429416403927,-37.411080395630734,-2.7578475275399796,266.03206567220985,-13.0813376961188,4.866067271207152,1.133932728792848,-1.6660672712071518,-59.50240254311257,1472.986345145029,57.79596904410194,Do Not Reassign,Higher variability risk
SweeTARTS,Sugar Shack,Secret Factory,Pacific,First Class,1480.3573875391173,-101.74011679034015,-7.379866693174487,286.8819120848882,-36.509353709762166,2.7877300613496936,3.2122699386503064,0.4122699386503066,14.723926380368093,2570.299818307878,64.99999999999999,Do Not Reassign,Higher variability risk
SweeTARTS,Sugar Shack,Lot's O' Nuts,Pacific,First Class,1413.6525411349205,-35.03527038614334,-2.5413340692529123,266.9248942448598,-27.0130435816062,4.403527969059523,1.5964720309404772,-1.2035279690595226,-42.98314175212581,878.5208852512897,59.39924469888345,Do Not Reassign,Higher variability risk
SweeTARTS,Sugar Shack,Wicked Choccy's,Pacific,First Class,1416.028351144408,-37.411080395630734,-2.7136668885129676,266.21497467024545,-26.67523677596892,4.866067271207152,1.133932728792848,-1.6660672712071518,-59.50240254311257,3580.9141948722836,57.79596904410194,Do Not Reassign,Higher variability risk
SweeTARTS,Sugar Shack,Secret Factory,Pacific,Same Day,1465.7160400002676,-101.74011679034015,-7.459084508684651,286.8819120848882,-36.509353709762166,2.7877300613496936,3.2122699386503064,0.4122699386503066,14.723926380368093,2570.299818307878,64.99999999999999,Do Not Reassign,Higher variability risk
SweeTARTS,Sugar Shack,Lot's O' Nuts,Pacific,Same Day,1399.0111935960708,-35.03527038614334,-2.5686135502812033,266.9248942448598,-27.0130435816062,4.403527969059523,1.5964720309404772,-1.2035279690595226,-42.98314175212581,878.5208852512897,59.39924469888345,Do Not Reassign,Higher variability risk
SweeTARTS,Sugar Shack,Wicked Choccy's,Pacific,Same Day,1401.3870036055582,-37.411080395630734,-2.7427962443493112,266.21497467024545,-26.67523677596892,4.866067271207152,1.133932728792848,-1.6660672712071518,-59.50240254311257,3580.9141948722836,57.79596904410194,Do Not Reassign,Higher variability risk
SweeTARTS,Sugar Shack,Secret Factory,Pacific,Second Class,1468.1186773225998,-101.74011679034038,-7.44596846943416,286.8819120848882,-36.509353709762166,2.7877300613496936,3.2122699386503064,0.4122699386503066,14.723926380368093,2570.299818307878,64.99999999999999,Do Not Reassign,Higher variability risk
SweeTARTS,Sugar Shack,Lot's O' Nuts,Pacific,Second Class,1401.4138309184027,-35.03527038614334,-2.564096905362427,266.9248942448598,-27.0130435816062,4.403527969059523,1.5964720309404772,-1.2035279690595226,-42.98314175212581,878.5208852512897,59.39924469888345,Do Not Reassign,Higher variability risk
SweeTARTS,Sugar Shack,Wicked Choccy's,Pacific,Second Class,1403.7896409278903,-37.41108039563096,-2.7379733169304004,266.21497467024545,-26.67523677596892,4.866067271207152,1.133932728792848,-1.6660672712071518,-59.50240254311257,3580.9141948722836,57.79596904410194,Do Not Reassign,Higher variability risk
SweeTARTS,Sugar Shack,Secret Factory,Pacific,Standard Class,1456.7355443719737,-101.74011679034015,-7.508521041426959,286.8819120848882,-36.509353709762166,2.7877300613496936,3.2122699386503064,0.4122699386503066,14.723926380368093,2570.299818307878,64.99999999999999,Do Not Reassign,Higher variability risk
SweeTARTS,Sugar Shack,Lot's O' Nuts,Pacific,Standard Class,1390.0306979677769,-35.03527038614334,-2.585637535963758,266.9248942448598,-27.0130435816062,4.403527969059523,1.5964720309404772,-1.2035279690595226,-42.98314175212581,878.5208852512897,59.39924469888345,Do Not Reassign,Higher variability risk
SweeTARTS,Sugar Shack,Wicked Choccy's,Pacific,Standard Class,1392.4065079772643,-37.411080395630734,-2.760974659700603,266.21497467024545,-26.67523677596892,4.866067271207152,1.133932728792848,-1.6660672712071518,-59.50240254311257,3580.9141948722836,57.79596904410194,Do Not Reassign,Higher variability risk
Wonka Bar - Fudge Mallows,Lot's O' Nuts,Sugar Shack,Atlantic,First Class,1296.3898223342587,35.03527038614334,2.631411303399606,274.60691454575556,-7.376935089560482,2.796728971962617,8.003271028037384,0.8032710280373827,11.156542056074759,1907.5144595175952,75.73742270428684,Potential Reassignment,Higher variability risk
Wonka Bar - Fudge Mallows,Lot's O' Nuts,Wicked Choccy's,Atlantic,First Class,1333.8009027298897,-2.3758100094876227,-0.17844113217314436,255.1409819527574,0.23464375197612647,3.649550453405364,7.150449546594636,-0.04955045340536479,-0.6882007417411775,966.7174915154925,43.79596904410194,Do Not Reassign,Acceptable
Wonka Bar - Fudge Mallows,Lot's O' Nuts,Secret Factory,Atlantic,First Class,1398.1299391245989,-66.70484640419681,-5.010033742709758,276.9399222084468,-8.289188929834781,2.0907975460122703,8.70920245398773,1.5092024539877293,20.961145194274017,1290.869670067162,30.0,Do Not Reassign,Higher variability risk
Wonka Bar - Fudge Mallows,Lot's O' Nuts,Sugar Shack,Atlantic,Same Day,1281.748474795409,35.03527038614334,2.6606700237868464,274.60691454575556,-7.376935089560482,2.796728971962617,8.003271028037384,0.8032710280373827,11.156542056074759,1907.5144595175952,75.73742270428684,Potential Reassignment,Higher variability risk
Wonka Bar - Fudge Mallows,Lot's O' Nuts,Wicked Choccy's,Atlantic,Same Day,1319.15955519104,-2.3758100094876227,-0.18042522306197334,255.1409819527574,0.23464375197612647,3.649550453405364,7.150449546594636,-0.04955045340536479,-0.6882007417411775,966.7174915154925,43.79596904410194,Do Not Reassign,Acceptable
Wonka Bar - Fudge Mallows,Lot's O' Nuts,Secret Factory,Atlantic,Same Day,1383.4885915857494,-66.70484640419704,-5.065740418522562,276.9399222084468,-8.289188929834781,2.0907975460122703,8.70920245398773,1.5092024539877293,20.961145194274017,1290.869670067162,30.0,Do Not Reassign,Higher variability risk
Wonka Bar - Fudge Mallows,Lot's O' Nuts,Sugar Shack,Atlantic,Second Class,1284.1511121177411,35.03527038614334,2.6558241390912913,274.60691454575556,-7.376935089560482,2.796728971962617,8.003271028037384,0.8032710280373827,11.156542056074759,1907.5144595175952,75.73742270428684,Potential Reassignment,Higher variability risk
Wonka Bar - Fudge Mallows,Lot's O' Nuts,Wicked Choccy's,Atlantic,Second Class,1321.5621925133719,-2.3758100094873953,-0.18009661417046952,255.1409819527574,0.23464375197612647,3.649550453405364,7.150449546594636,-0.04955045340536479,-0.6882007417411775,966.7174915154925,43.79596904410194,Do Not Reassign,Acceptable
Wonka Bar - Fudge Mallows,Lot's O' Nuts,Secret Factory,Atlantic,Second Class,1385.8912289080813,-66.70484640419681,-5.056514173348844,276.9399222084468,-8.289188929834781,2.0907975460122703,8.70920245398773,1.5092024539877293,20.961145194274017,1290.869670067162,30.0,Do Not Reassign,Higher variability risk
Wonka Bar - Fudge Mallows,Lot's O' Nuts,Sugar Shack,Atlantic,Standard Class,1272.767979167115,35.03527038614334,2.678940459745094,274.60691454575556,-7.376935089560482,2.796728971962617,8.003271028037384,0.8032710280373827,11.156542056074759,1907.5144595175952,75.73742270428684,Potential Reassignment,Higher variability risk
Wonka Bar - Fudge Mallows,Lot's O' Nuts,Wicked Choccy's,Atlantic,Standard Class,1310.1790595627458,-2.3758100094873953,-0.18166417695467302,255.1409819527574,0.23464375197612647,3.649550453405364,7.150449546594636,-0.04955045340536479,-0.6882007417411775,966.7174915154925,43.79596904410194,Do Not Reassign,Acceptable
Wonka Bar - Fudge Mallows,Lot's O' Nuts,Secret Factory,Atlantic,Standard Class,1374.5080959574552,-66.70484640419681,-5.100526124780848,276.9399222084468,-8.289188929834781,2.0907975460122703,8.70920245398773,1.5092024539877293,20.961145194274017,1290.869670067162,30.0,Do Not Reassign,Higher variability risk
Wonka Bar - Fudge Mallows,Lot's O' Nuts,Sugar Shack,Gulf,First Class,1283.0190357303652,35.03527038614334,2.6581052255252384,210.44773697999224,21.144852219793474,2.796728971962617,8.003271028037384,0.8032710280373827,11.156542056074759,2136.7328059710176,96.73742270428684,Potential Reassignment,Acceptable
Wonka Bar - Fudge Mallows,Lot's O' Nuts,Secret Factory,Gulf,First Class,1384.7591525207054,-66.70484640419681,-5.060857211622393,304.67712114326554,-14.163068502296305,2.0907975460122703,8.70920245398773,1.5092024539877293,20.961145194274017,1329.3492378052736,30.0,Do Not Reassign,Higher variability risk
Wonka Bar - Fudge Mallows,Lot's O' Nuts,Wicked Choccy's,Gulf,First Class,1320.4301161259962,-2.3758100094876227,-0.18025129909007062,260.0116889313364,2.5731497544641604,3.649550453405364,7.150449546594636,-0.04955045340536479,-0.6882007417411775,897.8239432041659,25.35149150801231,Do Not Reassign,Acceptable
Wonka Bar - Fudge Mallows,Lot's O' Nuts,Sugar Shack,Gulf,Same Day,1268.3776881915155,35.03527038614334,2.6879639453926676,210.44773697999224,21.144852219793474,2.796728971962617,8.003271028037384,0.8032710280373827,11.156542056074759,2136.7328059710176,96.73742270428684,Potential Reassignment,Acceptable
Wonka Bar - Fudge Mallows,Lot's O' Nuts,Secret Factory,Gulf,Same Day,1370.117804981856,-66.70484640419704,-5.117706246912588,304.67712114326554,-14.163068502296305,2.0907975460122703,8.70920245398773,1.5092024539877293,20.961145194274017,1329.3492378052736,30.0,Do Not Reassign,Higher variability risk
Wonka Bar - Fudge Mallows,Lot's O' Nuts,Wicked Choccy's,Gulf,Same Day,1305.7887685871465,-2.3758100094876227,-0.18227607711374993,260.0116889313364,2.5731497544641604,3.649550453405364,7.150449546594636,-0.04955045340536479,-0.6882007417411775,897.8239432041659,25.35149150801231,Do Not Reassign,Acceptable
Wonka Bar - Fudge Mallows,Lot's O' Nuts,Sugar Shack,Gulf,Second Class,1270.7803255138476,35.03527038614334,2.6830182221859906,210.44773697999224,21.144852219793474,2.796728971962617,8.003271028037384,0.8032710280373827,11.156542056074759,2136.7328059710176,96.73742270428684,Potential Reassignment,Acceptable
Wonka Bar - Fudge Mallows,Lot's O' Nuts,Secret Factory,Gulf,Second Class,1372.5204423041878,-66.70484640419681,-5.108289915791875,304.67712114326554,-14.163068502296305,2.0907975460122703,8.70920245398773,1.5092024539877293,20.961145194274017,1329.3492378052736,30.0,Do Not Reassign,Higher variability risk
Wonka Bar - Fudge Mallows,Lot's O' Nuts,Wicked Choccy's,Gulf,Second Class,1308.1914059094784,-2.3758100094873953,-0.18194069797810505,260.0116889313364,2.5731497544641604,3.649550453405364,7.150449546594636,-0.04955045340536479,-0.6882007417411775,897.8239432041659,25.35149150801231,Do Not Reassign,Acceptable
Wonka Bar - Fudge Mallows,Lot's O' Nuts,Sugar Shack,Gulf,Standard Class,1259.3971925632216,35.03527038614334,2.7066124644553073,210.44773697999224,21.144852219793474,2.796728971962617,8.003271028037384,0.8032710280373827,11.156542056074759,2136.7328059710176,96.73742270428684,Potential Reassignment,Acceptable
Wonka Bar - Fudge Mallows,Lot's O' Nuts,Secret Factory,Gulf,Standard Class,1361.1373093535617,-66.70484640419681,-5.153211798490421,304.67712114326554,-14.163068502296305,2.0907975460122703,8.70920245398773,1.5092024539877293,20.961145194274017,1329.3492378052736,30.0,Do Not Reassign,Higher variability risk
Wonka Bar - Fudge Mallows,Lot's O' Nuts,Wicked Choccy's,Gulf,Standard Class,1296.8082729588523,-2.3758100094873953,-0.18354066955908316,260.0116889313364,2.5731497544641604,3.649550453405364,7.150449546594636,-0.04955045340536479,-0.6882007417411775,897.8239432041659,25.35149150801231,Do Not Reassign,Acceptable
Wonka Bar - Fudge Mallows,Lot's O' Nuts,Sugar Shack,Interior,First Class,1303.2076058908006,35.03527038614334,2.6180053716118517,235.25726799156945,8.960195548916523,2.796728971962617,8.003271028037384,0.8032710280373827,11.156542056074759,1018.4239278200666,96.73742270428684,Potential Reassignment,Acceptable
Wonka Bar - Fudge Mallows,Lot's O' Nuts,Secret Factory,Interior,First Class,1404.9477226811407,-66.70484640419681,-4.984509731878634,305.78922039834566,-18.33424346878107,2.0907975460122703,8.70920245398773,1.5092024539877293,20.961145194274017,464.37744638282044,30.0,Do Not Reassign,Higher variability risk
Wonka Bar - Fudge Mallows,Lot's O' Nuts,Wicked Choccy's,Interior,First Class,1340.6186862864313,-2.3758100094873953,-0.17753204979480355,266.03206567220985,-2.9490287092159013,3.649550453405364,7.150449546594636,-0.04955045340536479,-0.6882007417411775,1472.986345145029,22.795969044101934,Do Not Reassign,Higher variability risk
Wonka Bar - Fudge Mallows,Lot's O' Nuts,Sugar Shack,Interior,Same Day,1288.5662583519509,35.03527038614334,2.646965089224817,235.25726799156945,8.960195548916523,2.796728971962617,8.003271028037384,0.8032710280373827,11.156542056074759,1018.4239278200666,96.73742270428684,Potential Reassignment,Acceptable
Wonka Bar - Fudge Mallows,Lot's O' Nuts,Secret Factory,Interior,Same Day,1390.306375142291,-66.70484640419681,-5.039647126109957,305.78922039834566,-18.33424346878107,2.0907975460122703,8.70920245398773,1.5092024539877293,20.961145194274017,464.37744638282044,30.0,Do Not Reassign,Higher variability risk
Wonka Bar - Fudge Mallows,Lot's O' Nuts,Wicked Choccy's,Interior,Same Day,1325.9773387475816,-2.3758100094873953,-0.1794958647224036,266.03206567220985,-2.9490287092159013,3.649550453405364,7.150449546594636,-0.04955045340536479,-0.6882007417411775,1472.986345145029,22.795969044101934,Do Not Reassign,Higher variability risk
Wonka Bar - Fudge Mallows,Lot's O' Nuts,Sugar Shack,Interior,Second Class,1290.9688956742827,35.03527038614334,2.6421689526235457,235.25726799156945,8.960195548916523,2.796728971962617,8.003271028037384,0.8032710280373827,11.156542056074759,1018.4239278200666,96.73742270428684,Potential Reassignment,Acceptable
Wonka Bar - Fudge Mallows,Lot's O' Nuts,Secret Factory,Interior,Second Class,1392.7090124646231,-66.70484640419704,-5.030515598029976,305.78922039834566,-18.33424346878107,2.0907975460122703,8.70920245398773,1.5092024539877293,20.961145194274017,464.37744638282044,30.0,Do Not Reassign,Higher variability risk
Wonka Bar - Fudge Mallows,Lot's O' Nuts,Wicked Choccy's,Interior,Second Class,1328.3799760699137,-2.3758100094876227,-0.1791706293462246,266.03206567220985,-2.9490287092159013,3.649550453405364,7.150449546594636,-0.04955045340536479,-0.6882007417411775,1472.986345145029,22.795969044101934,Do Not Reassign,Higher variability risk
Wonka Bar - Fudge Mallows,Lot's O' Nuts,Sugar Shack,Interior,Standard Class,1279.585762723657,35.03527038614334,2.665047150756876,235.25726799156945,8.960195548916523,2.796728971962617,8.003271028037384,0.8032710280373827,11.156542056074759,1018.4239278200666,96.73742270428684,Potential Reassignment,Acceptable
Wonka Bar - Fudge Mallows,Lot's O' Nuts,Secret Factory,Interior,Standard Class,1381.325879513997,-66.70484640419681,-5.074074179872449,305.78922039834566,-18.33424346878107,2.0907975460122703,8.70920245398773,1.5092024539877293,20.961145194274017,464.37744638282044,30.0,Do Not Reassign,Higher variability risk
Wonka Bar - Fudge Mallows,Lot's O' Nuts,Wicked Choccy's,Interior,Standard Class,1316.9968431192876,-2.3758100094873953,-0.1807220445779192,266.03206567220985,-2.9490287092159013,3.649550453405364,7.150449546594636,-0.04955045340536479,-0.6882007417411775,1472.986345145029,22.795969044101934,Do Not Reassign,Higher variability risk
Wonka Bar - Fudge Mallows,Lot's O' Nuts,Sugar Shack,Pacific,First Class,1301.671172227672,35.03527038614334,2.6210145525770683,210.15549798502377,21.267928725958175,2.796728971962617,8.003271028037384,0.8032710280373827,11.156542056074759,2294.990439990625,96.73742270428684,Potential Reassignment,Acceptable
Wonka Bar - Fudge Mallows,Lot's O' Nuts,Secret Factory,Pacific,First Class,1403.4112890180122,-66.70484640419681,-4.990239014166878,286.8819120848882,-7.476641658503805,2.0907975460122703,8.70920245398773,1.5092024539877293,20.961145194274017,2570.299818307878,30.0,Do Not Reassign,Higher variability risk
Wonka Bar - Fudge Mallows,Lot's O' Nuts,Wicked Choccy's,Pacific,First Class,1339.0822526233028,-2.3758100094873953,-0.17773610822445812,266.21497467024545,0.2659622949829092,3.649550453405364,7.150449546594636,-0.04955045340536479,-0.6882007417411775,3580.9141948722836,23.058580804118982,Do Not Reassign,Acceptable
Wonka Bar - Fudge Mallows,Lot's O' Nuts,Sugar Shack,Pacific,Same Day,1287.0298246888224,35.03527038614334,2.6500412511198412,210.15549798502377,21.267928725958175,2.796728971962617,8.003271028037384,0.8032710280373827,11.156542056074759,2294.990439990625,96.73742270428684,Potential Reassignment,Acceptable
Wonka Bar - Fudge Mallows,Lot's O' Nuts,Secret Factory,Pacific,Same Day,1388.7699414791625,-66.70484640419681,-5.045503935675302,286.8819120848882,-7.476641658503805,2.0907975460122703,8.70920245398773,1.5092024539877293,20.961145194274017,2570.299818307878,30.0,Do Not Reassign,Higher variability risk
Wonka Bar - Fudge Mallows,Lot's O' Nuts,Wicked Choccy's,Pacific,Same Day,1324.4409050844533,-2.3758100094876227,-0.17970446525954956,266.21497467024545,0.2659622949829092,3.649550453405364,7.150449546594636,-0.04955045340536479,-0.6882007417411775,3580.9141948722836,23.058580804118982,Do Not Reassign,Acceptable
Wonka Bar - Fudge Mallows,Lot's O' Nuts,Sugar Shack,Pacific,Second Class,1289.4324620111545,35.03527038614334,2.645233970534654,210.15549798502377,21.267928725958175,2.796728971962617,8.003271028037384,0.8032710280373827,11.156542056074759,2294.990439990625,96.73742270428684,Potential Reassignment,Acceptable
Wonka Bar - Fudge Mallows,Lot's O' Nuts,Secret Factory,Pacific,Second Class,1391.1725788014946,-66.70484640419681,-5.036351190184186,286.8819120848882,-7.476641658503805,2.0907975460122703,8.70920245398773,1.5092024539877293,20.961145194274017,2570.299818307878,30.0,Do Not Reassign,Higher variability risk
Wonka Bar - Fudge Mallows,Lot's O' Nuts,Wicked Choccy's,Pacific,Second Class,1326.8435424067852,-2.3758100094873953,-0.17937847418805433,266.21497467024545,0.2659622949829092,3.649550453405364,7.150449546594636,-0.04955045340536479,-0.6882007417411775,3580.9141948722836,23.058580804118982,Do Not Reassign,Acceptable
Wonka Bar - Fudge Mallows,Lot's O' Nuts,Sugar Shack,Pacific,Standard Class,1278.0493290605284,35.03527038614334,2.668165508978405,210.15549798502377,21.267928725958175,2.796728971962617,8.003271028037384,0.8032710280373827,11.156542056074759,2294.990439990625,96.73742270428684,Potential Reassignment,Acceptable
Wonka Bar - Fudge Mallows,Lot's O' Nuts,Secret Factory,Pacific,Standard Class,1379.7894458508686,-66.70484640419681,-5.080011328463219,286.8819120848882,-7.476641658503805,2.0907975460122703,8.70920245398773,1.5092024539877293,20.961145194274017,2570.299818307878,30.0,Do Not Reassign,Higher variability risk
Wonka Bar - Fudge Mallows,Lot's O' Nuts,Wicked Choccy's,Pacific,Standard Class,1315.4604094561591,-2.3758100094873953,-0.18093350653023815,266.21497467024545,0.2659622949829092,3.649550453405364,7.150449546594636,-0.04955045340536479,-0.6882007417411775,3580.9141948722836,23.058580804118982,Do Not Reassign,Acceptable
Wonka Bar - Milk Chocolate,Wicked Choccy's,Sugar Shack,Atlantic,First Class,1296.7361574291256,37.41108039563096,2.804119315693175,274.60691454575556,-7.629480941874927,2.796728971962617,6.953271028037383,0.623271028037383,9.846303760464187,1907.5144595175952,86.23742270428684,Potential Reassignment,Higher variability risk
Wonka Bar - Milk Chocolate,Wicked Choccy's,Secret Factory,Atlantic,First Class,1398.476274219466,-64.32903639470942,-4.821734406136004,276.9399222084468,-8.543880363259612,2.0907975460122703,7.65920245398773,1.3292024539877296,20.998458988747704,1290.869670067162,40.5,Do Not Reassign,Higher variability risk
Wonka Bar - Milk Chocolate,Wicked Choccy's,Lot's O' Nuts,Atlantic,First Class,1331.771427815269,2.3758100094876227,0.1780770474300297,255.74106237686206,-0.23519562381232334,3.302645976794642,6.447354023205358,0.11735402320535826,1.853934015882437,3313.279674146417,38.01101504162098,Potential Reassignment,Higher variability risk
Wonka Bar - Milk Chocolate,Wicked Choccy's,Sugar Shack,Atlantic,Same Day,1282.0948098902759,37.41108039563096,2.8352340577672477,274.60691454575556,-7.629480941874927,2.796728971962617,6.953271028037383,0.623271028037383,9.846303760464187,1907.5144595175952,86.23742270428684,Potential Reassignment,Higher variability risk
Wonka Bar - Milk Chocolate,Wicked Choccy's,Secret Factory,Atlantic,Same Day,1383.8349266806163,-64.32903639470942,-4.875236773726776,276.9399222084468,-8.543880363259612,2.0907975460122703,7.65920245398773,1.3292024539877296,20.998458988747704,1290.869670067162,40.5,Do Not Reassign,Higher variability risk
Wonka Bar - Milk Chocolate,Wicked Choccy's,Lot's O' Nuts,Atlantic,Same Day,1317.1300802764192,2.3758100094876227,0.1800530052179486,255.74106237686206,-0.23519562381232334,3.302645976794642,6.447354023205358,0.11735402320535826,1.853934015882437,3313.279674146417,38.01101504162098,Potential Reassignment,Higher variability risk
Wonka Bar - Milk Chocolate,Wicked Choccy's,Sugar Shack,Atlantic,Second Class,1284.497447212608,37.411080395630734,2.8300808727907607,274.60691454575556,-7.629480941874927,2.796728971962617,6.953271028037383,0.623271028037383,9.846303760464187,1907.5144595175952,86.23742270428684,Potential Reassignment,Higher variability risk
Wonka Bar - Milk Chocolate,Wicked Choccy's,Secret Factory,Atlantic,Second Class,1386.2375640029481,-64.32903639470942,-4.866375777989837,276.9399222084468,-8.543880363259612,2.0907975460122703,7.65920245398773,1.3292024539877296,20.998458988747704,1290.869670067162,40.5,Do Not Reassign,Higher variability risk
Wonka Bar - Milk Chocolate,Wicked Choccy's,Lot's O' Nuts,Atlantic,Second Class,1319.5327175987513,2.3758100094873953,0.17972574954077997,255.74106237686206,-0.23519562381232334,3.302645976794642,6.447354023205358,0.11735402320535826,1.853934015882437,3313.279674146417,38.011015041620695,Potential Reassignment,Higher variability risk
Wonka Bar - Milk Chocolate,Wicked Choccy's,Sugar Shack,Atlantic,Standard Class,1273.114314261982,37.41108039563096,2.854662759541944,274.60691454575556,-7.629480941874927,2.796728971962617,6.953271028037383,0.623271028037383,9.846303760464187,1907.5144595175952,86.23742270428684,Potential Reassignment,Higher variability risk
Wonka Bar - Milk Chocolate,Wicked Choccy's,Secret Factory,Atlantic,Standard Class,1374.854431052322,-64.32903639470919,-4.908644781470699,276.9399222084468,-8.543880363259612,2.0907975460122703,7.65920245398773,1.3292024539877296,20.998458988747704,1290.869670067162,40.5,Do Not Reassign,Higher variability risk
Wonka Bar - Milk Chocolate,Wicked Choccy's,Lot's O' Nuts,Atlantic,Standard Class,1308.1495846481253,2.3758100094876227,0.18128683497265044,255.74106237686206,-0.23519562381232334,3.302645976794642,6.447354023205358,0.11735402320535826,1.853934015882437,3313.279674146417,38.01101504162097,Potential Reassignment,Higher variability risk
Wonka Bar - Milk Chocolate,Wicked Choccy's,Sugar Shack,Gulf,First Class,1283.365370825232,37.41108039563096,2.8325066184402314,210.44773697999224,19.062201455271087,2.796728971962617,6.953271028037383,0.623271028037383,9.846303760464187,2136.7328059710176,96.73742270428684,Potential Reassignment,Acceptable
Wonka Bar - Milk Chocolate,Wicked Choccy's,Secret Factory,Gulf,First Class,1385.1054876155724,-64.32903639470942,-4.870546891962429,304.67712114326554,-17.17824009970735,2.0907975460122703,7.65920245398773,1.3292024539877296,20.998458988747704,1329.3492378052736,30.0,Do Not Reassign,Higher variability risk
Wonka Bar - Milk Chocolate,Wicked Choccy's,Lot's O' Nuts,Gulf,First Class,1318.4006412113754,2.3758100094876227,0.17987979777285829,266.87888223426404,-2.6411094559449366,3.302645976794642,6.447354023205358,0.11735402320535826,1.853934015882437,2100.5308123042055,27.511015041620972,Potential Reassignment,Higher variability risk
Wonka Bar - Milk Chocolate,Wicked Choccy's,Sugar Shack,Gulf,Same Day,1268.7240232863824,37.41108039563096,2.8642580916911733,210.44773697999224,19.062201455271087,2.796728971962617,6.953271028037383,0.623271028037383,9.846303760464187,2136.7328059710176,96.73742270428684,Potential Reassignment,Acceptable
Wonka Bar - Milk Chocolate,Wicked Choccy's,Secret Factory,Gulf,Same Day,1370.4641400767227,-64.32903639470942,-4.925144130447529,304.67712114326554,-17.17824009970735,2.0907975460122703,7.65920245398773,1.3292024539877296,20.998458988747704,1329.3492378052736,30.0,Do Not Reassign,Higher variability risk
Wonka Bar - Milk Chocolate,Wicked Choccy's,Lot's O' Nuts,Gulf,Same Day,1303.7592936725257,2.3758100094876227,0.18189619150348083,266.87888223426404,-2.6411094559449366,3.302645976794642,6.447354023205358,0.11735402320535826,1.853934015882437,2100.5308123042055,27.511015041620972,Potential Reassignment,Higher variability risk
Wonka Bar - Milk Chocolate,Wicked Choccy's,Sugar Shack,Gulf,Second Class,1271.1266606087145,37.411080395630734,2.858998959167698,210.44773697999224,19.062201455271087,2.796728971962617,6.953271028037383,0.623271028037383,9.846303760464187,2136.7328059710176,96.73742270428684,Potential Reassignment,Acceptable
Wonka Bar - Milk Chocolate,Wicked Choccy's,Secret Factory,Gulf,Second Class,1372.8667773990546,-64.32903639470942,-4.916100955967444,304.67712114326554,-17.17824009970735,2.0907975460122703,7.65920245398773,1.3292024539877296,20.998458988747704,1329.3492378052736,30.0,Do Not Reassign,Higher variability risk
Wonka Bar - Milk Chocolate,Wicked Choccy's,Lot's O' Nuts,Gulf,Second Class,1306.1619309948578,2.3758100094873953,0.1815622075725446,266.87888223426404,-2.6411094559449366,3.302645976794642,6.447354023205358,0.11735402320535826,1.853934015882437,2100.5308123042055,27.511015041620695,Potential Reassignment,Higher variability risk
Wonka Bar - Milk Chocolate,Wicked Choccy's,Sugar Shack,Gulf,Standard Class,1259.7435276580884,37.41108039563096,2.8840880002549123,210.44773697999224,19.062201455271087,2.796728971962617,6.953271028037383,0.623271028037383,9.846303760464187,2136.7328059710176,96.73742270428684,Potential Reassignment,Acceptable
Wonka Bar - Milk Chocolate,Wicked Choccy's,Secret Factory,Gulf,Standard Class,1361.4836444484285,-64.32903639470919,-4.95924202059691,304.67712114326554,-17.17824009970735,2.0907975460122703,7.65920245398773,1.3292024539877296,20.998458988747704,1329.3492378052736,30.0,Do Not Reassign,Higher variability risk
Wonka Bar - Milk Chocolate,Wicked Choccy's,Lot's O' Nuts,Gulf,Standard Class,1294.7787980442317,2.3758100094876227,0.1831555001028245,266.87888223426404,-2.6411094559449366,3.302645976794642,6.447354023205358,0.11735402320535826,1.853934015882437,2100.5308123042055,27.511015041620972,Potential Reassignment,Higher variability risk
Wonka Bar - Milk Chocolate,Wicked Choccy's,Sugar Shack,Interior,First Class,1303.5539409856674,37.411080395630734,2.7898625093959883,235.25726799156945,11.568078307732806,2.796728971962617,6.953271028037383,0.623271028037383,9.846303760464187,1018.4239278200666,96.73742270428684,Potential Reassignment,Acceptable
Wonka Bar - Milk Chocolate,Wicked Choccy's,Lot's O' Nuts,Interior,First Class,1338.5892113718107,2.3758100094873953,0.1771716615725089,258.4114381726021,2.864552241231497,3.302645976794642,6.447354023205358,0.11735402320535826,1.853934015882437,1652.3798078410057,32.71115247720927,Potential Reassignment,Acceptable
Wonka Bar - Milk Chocolate,Wicked Choccy's,Secret Factory,Interior,First Class,1405.2940577760075,-64.32903639470942,-4.797219567177488,305.78922039834566,-14.944497245351767,2.0907975460122703,7.65920245398773,1.3292024539877296,20.998458988747704,464.37744638282044,30.0,Do Not Reassign,Higher variability risk
Wonka Bar - Milk Chocolate,Wicked Choccy's,Sugar Shack,Interior,Same Day,1288.9125934468177,37.411080395630734,2.820659928903201,235.25726799156945,11.568078307732806,2.796728971962617,6.953271028037383,0.623271028037383,9.846303760464187,1018.4239278200666,96.73742270428684,Potential Reassignment,Acceptable
Wonka Bar - Milk Chocolate,Wicked Choccy's,Lot's O' Nuts,Interior,Same Day,1323.947863832961,2.3758100094873953,0.1791274676267004,258.4114381726021,2.864552241231497,3.302645976794642,6.447354023205358,0.11735402320535826,1.853934015882437,1652.3798078410057,32.71115247720927,Potential Reassignment,Acceptable
Wonka Bar - Milk Chocolate,Wicked Choccy's,Secret Factory,Interior,Same Day,1390.6527102371579,-64.32903639470942,-4.850176292815757,305.78922039834566,-14.944497245351767,2.0907975460122703,7.65920245398773,1.3292024539877296,20.998458988747704,464.37744638282044,30.0,Do Not Reassign,Higher variability risk
Wonka Bar - Milk Chocolate,Wicked Choccy's,Sugar Shack,Interior,Second Class,1291.3152307691498,37.411080395630734,2.815559538580646,235.25726799156945,11.568078307732806,2.796728971962617,6.953271028037383,0.623271028037383,9.846303760464187,1018.4239278200666,96.73742270428684,Potential Reassignment,Acceptable
Wonka Bar - Milk Chocolate,Wicked Choccy's,Lot's O' Nuts,Interior,Second Class,1326.350501155293,2.3758100094876227,0.1788035647013683,258.4114381726021,2.864552241231497,3.302645976794642,6.447354023205358,0.11735402320535826,1.853934015882437,1652.3798078410057,32.711152477209566,Potential Reassignment,Acceptable
Wonka Bar - Milk Chocolate,Wicked Choccy's,Secret Factory,Interior,Second Class,1393.05534755949,-64.32903639470942,-4.841406078450999,305.78922039834566,-14.944497245351767,2.0907975460122703,7.65920245398773,1.3292024539877296,20.998458988747704,464.37744638282044,30.0,Do Not Reassign,Higher variability risk
Wonka Bar - Milk Chocolate,Wicked Choccy's,Sugar Shack,Interior,Standard Class,1279.9320978185237,37.411080395630734,2.8398887256050287,235.25726799156945,11.568078307732806,2.796728971962617,6.953271028037383,0.623271028037383,9.846303760464187,1018.4239278200666,96.73742270428684,Potential Reassignment,Acceptable
Wonka Bar - Milk Chocolate,Wicked Choccy's,Lot's O' Nuts,Interior,Standard Class,1314.967368204667,2.3758100094873953,0.180348602306359,258.4114381726021,2.864552241231497,3.302645976794642,6.447354023205358,0.11735402320535826,1.853934015882437,1652.3798078410057,32.71115247720927,Potential Reassignment,Acceptable
Wonka Bar - Milk Chocolate,Wicked Choccy's,Secret Factory,Interior,Standard Class,1381.672214608864,-64.32903639470942,-4.88324056013381,305.78922039834566,-14.944497245351767,2.0907975460122703,7.65920245398773,1.3292024539877296,20.998458988747704,464.37744638282044,30.0,Do Not Reassign,Higher variability risk
Wonka Bar - Milk Chocolate,Wicked Choccy's,Sugar Shack,Pacific,First Class,1302.017507322539,37.41108039563096,2.793062708879755,210.15549798502377,21.057972698440913,2.796728971962617,6.953271028037383,0.623271028037383,9.846303760464187,2294.990439990625,96.73742270428684,Potential Reassignment,Acceptable
Wonka Bar - Milk Chocolate,Wicked Choccy's,Secret Factory,Pacific,First Class,1403.7576241128793,-64.32903639470942,-4.802722368670612,286.8819120848882,-7.763251274742309,2.0907975460122703,7.65920245398773,1.3292024539877296,20.998458988747704,2570.299818307878,30.0,Do Not Reassign,Higher variability risk
Wonka Bar - Milk Chocolate,Wicked Choccy's,Lot's O' Nuts,Pacific,First Class,1337.0527777086822,2.3758100094876227,0.1773748918958805,266.9248942448598,-0.26667154073270816,3.302645976794642,6.447354023205358,0.11735402320535826,1.853934015882437,878.5208852512897,27.511015041620972,Potential Reassignment,Higher variability risk
Wonka Bar - Milk Chocolate,Wicked Choccy's,Sugar Shack,Pacific,Same Day,1287.3761597836892,37.41108039563096,2.82393121408439,210.15549798502377,21.057972698440913,2.796728971962617,6.953271028037383,0.623271028037383,9.846303760464187,2294.990439990625,96.73742270428684,Potential Reassignment,Acceptable
Wonka Bar - Milk Chocolate,Wicked Choccy's,Secret Factory,Pacific,Same Day,1389.1162765740296,-64.32903639470942,-4.855801327464627,286.8819120848882,-7.763251274742309,2.0907975460122703,7.65920245398773,1.3292024539877296,20.998458988747704,2570.299818307878,30.0,Do Not Reassign,Higher variability risk
Wonka Bar - Milk Chocolate,Wicked Choccy's,Lot's O' Nuts,Pacific,Same Day,1322.4114301698326,2.3758100094876227,0.1793352122840524,266.9248942448598,-0.26667154073270816,3.302645976794642,6.447354023205358,0.11735402320535826,1.853934015882437,878.5208852512897,27.511015041620972,Potential Reassignment,Higher variability risk
Wonka Bar - Milk Chocolate,Wicked Choccy's,Sugar Shack,Pacific,Second Class,1289.7787971060213,37.411080395630734,2.8188189971773023,210.15549798502377,21.057972698440913,2.796728971962617,6.953271028037383,0.623271028037383,9.846303760464187,2294.990439990625,96.73742270428684,Potential Reassignment,Acceptable
Wonka Bar - Milk Chocolate,Wicked Choccy's,Secret Factory,Pacific,Second Class,1391.5189138963615,-64.32903639470942,-4.847010777071674,286.8819120848882,-7.763251274742309,2.0907975460122703,7.65920245398773,1.3292024539877296,20.998458988747704,2570.299818307878,30.0,Do Not Reassign,Higher variability risk
Wonka Bar - Milk Chocolate,Wicked Choccy's,Lot's O' Nuts,Pacific,Second Class,1324.8140674921647,2.3758100094873953,0.17901055830531964,266.9248942448598,-0.26667154073270816,3.302645976794642,6.447354023205358,0.11735402320535826,1.853934015882437,878.5208852512897,27.511015041620695,Potential Reassignment,Higher variability risk
Wonka Bar - Milk Chocolate,Wicked Choccy's,Sugar Shack,Pacific,Standard Class,1278.3956641553953,37.411080395630734,2.843204790563373,210.15549798502377,21.057972698440913,2.796728971962617,6.953271028037383,0.623271028037383,9.846303760464187,2294.990439990625,96.73742270428684,Potential Reassignment,Acceptable
Wonka Bar - Milk Chocolate,Wicked Choccy's,Secret Factory,Pacific,Standard Class,1380.1357809457354,-64.32903639470942,-4.8889425944278395,286.8819120848882,-7.763251274742309,2.0907975460122703,7.65920245398773,1.3292024539877296,20.998458988747704,2570.299818307878,30.0,Do Not Reassign,Higher variability risk
Wonka Bar - Milk Chocolate,Wicked Choccy's,Lot's O' Nuts,Pacific,Standard Class,1313.4309345415386,2.3758100094873953,0.1805591907266032,266.9248942448598,-0.26667154073270816,3.302645976794642,6.447354023205358,0.11735402320535826,1.853934015882437,878.5208852512897,27.511015041620695,Potential Reassignment,Higher variability risk
Wonka Bar - Nutty Crunch Surprise,Lot's O' Nuts,Sugar Shack,Atlantic,First Class,1310.9602971499185,35.03527038614334,2.602926133722552,274.60691454575556,-7.376935089560482,2.796728971962617,7.673271028037384,0.20327102803738306,2.7211650339676443,1907.5144595175952,75.73742270428684,Potential Reassignment,Higher variability risk
Wonka Bar - Nutty Crunch Surprise,Lot's O' Nuts,Wicked Choccy's,Atlantic,First Class,1348.3713775455492,-2.3758100094873953,-0.17650949726650886,255.1409819527574,0.23464375197612647,3.649550453405364,6.820449546594636,-0.6495504534053644,-8.695454530192293,966.7174915154925,43.79596904410194,Do Not Reassign,Acceptable
Wonka Bar - Nutty Crunch Surprise,Lot's O' Nuts,Secret Factory,Atlantic,First Class,1412.7004139402586,-66.70484640419681,-4.9557998564813,276.9399222084468,-8.289188929834781,2.0907975460122703,8.37920245398773,0.9092024539877297,12.171384926207892,1290.869670067162,30.0,Do Not Reassign,Higher variability risk
Wonka Bar - Nutty Crunch Surprise,Lot's O' Nuts,Sugar Shack,Atlantic,Same Day,1296.3189496110688,35.03527038614334,2.6315513827880235,274.60691454575556,-7.376935089560482,2.796728971962617,7.673271028037384,0.20327102803738306,2.7211650339676443,1907.5144595175952,75.73742270428684,Potential Reassignment,Higher variability risk
Wonka Bar - Nutty Crunch Surprise,Lot's O' Nuts,Wicked Choccy's,Atlantic,Same Day,1333.7300300066995,-2.3758100094873953,-0.17845063122963403,255.1409819527574,0.23464375197612647,3.649550453405364,6.820449546594636,-0.6495504534053644,-8.695454530192293,966.7174915154925,43.79596904410194,Do Not Reassign,Acceptable
Wonka Bar - Nutty Crunch Surprise,Lot's O' Nuts,Secret Factory,Atlantic,Same Day,1398.059066401409,-66.70484640419681,-5.0103004446357255,276.9399222084468,-8.289188929834781,2.0907975460122703,8.37920245398773,0.9092024539877297,12.171384926207892,1290.869670067162,30.0,Do Not Reassign,Higher variability risk
Wonka Bar - Nutty Crunch Surprise,Lot's O' Nuts,Sugar Shack,Atlantic,Second Class,1298.7215869334007,35.03527038614334,2.6268108908961,274.60691454575556,-7.376935089560482,2.796728971962617,7.673271028037384,0.20327102803738306,2.7211650339676443,1907.5144595175952,75.73742270428684,Potential Reassignment,Higher variability risk
Wonka Bar - Nutty Crunch Surprise,Lot's O' Nuts,Wicked Choccy's,Atlantic,Second Class,1336.1326673290316,-2.3758100094876227,-0.17812916922971228,255.1409819527574,0.23464375197612647,3.649550453405364,6.820449546594636,-0.6495504534053644,-8.695454530192293,966.7174915154925,43.79596904410194,Do Not Reassign,Acceptable
Wonka Bar - Nutty Crunch Surprise,Lot's O' Nuts,Secret Factory,Atlantic,Second Class,1400.461703723741,-66.70484640419704,-5.001274860416014,276.9399222084468,-8.289188929834781,2.0907975460122703,8.37920245398773,0.9092024539877297,12.171384926207892,1290.869670067162,30.0,Do Not Reassign,Higher variability risk
Wonka Bar - Nutty Crunch Surprise,Lot's O' Nuts,Sugar Shack,Atlantic,Standard Class,1287.3384539827748,35.03527038614334,2.649422757009435,274.60691454575556,-7.376935089560482,2.796728971962617,7.673271028037384,0.20327102803738306,2.7211650339676443,1907.5144595175952,75.73742270428684,Potential Reassignment,Higher variability risk
Wonka Bar - Nutty Crunch Surprise,Lot's O' Nuts,Wicked Choccy's,Atlantic,Standard Class,1324.7495343784055,-2.3758100094873953,-0.17966252396773935,255.1409819527574,0.23464375197612647,3.649550453405364,6.820449546594636,-0.6495504534053644,-8.695454530192293,966.7174915154925,43.79596904410194,Do Not Reassign,Acceptable
Wonka Bar - Nutty Crunch Surprise,Lot's O' Nuts,Secret Factory,Atlantic,Standard Class,1389.078570773115,-66.70484640419681,-5.044326363640554,276.9399222084468,-8.289188929834781,2.0907975460122703,8.37920245398773,0.9092024539877297,12.171384926207892,1290.869670067162,30.0,Do Not Reassign,Higher variability risk
Wonka Bar - Nutty Crunch Surprise,Lot's O' Nuts,Sugar Shack,Gulf,First Class,1297.589510546025,35.03527038614334,2.629042389684232,210.44773697999224,21.144852219793474,2.796728971962617,7.673271028037384,0.20327102803738306,2.7211650339676443,2136.7328059710176,96.73742270428684,Potential Reassignment,Acceptable
Wonka Bar - Nutty Crunch Surprise,Lot's O' Nuts,Secret Factory,Gulf,First Class,1399.329627336365,-66.70484640419681,-5.005523487079155,304.67712114326554,-14.163068502296305,2.0907975460122703,8.37920245398773,0.9092024539877297,12.171384926207892,1329.3492378052736,30.0,Do Not Reassign,Higher variability risk
Wonka Bar - Nutty Crunch Surprise,Lot's O' Nuts,Wicked Choccy's,Gulf,First Class,1335.0005909416557,-2.3758100094873953,-0.17828049151431216,260.0116889313364,2.5731497544641604,3.649550453405364,6.820449546594636,-0.6495504534053644,-8.695454530192293,897.8239432041659,25.35149150801231,Do Not Reassign,Acceptable
Wonka Bar - Nutty Crunch Surprise,Lot's O' Nuts,Sugar Shack,Gulf,Same Day,1282.9481630071753,35.03527038614334,2.6582481614310214,210.44773697999224,21.144852219793474,2.796728971962617,7.673271028037384,0.20327102803738306,2.7211650339676443,2136.7328059710176,96.73742270428684,Potential Reassignment,Acceptable
Wonka Bar - Nutty Crunch Surprise,Lot's O' Nuts,Secret Factory,Gulf,Same Day,1384.6882797975154,-66.70484640419681,-5.061129352169213,304.67712114326554,-14.163068502296305,2.0907975460122703,8.37920245398773,0.9092024539877297,12.171384926207892,1329.3492378052736,30.0,Do Not Reassign,Higher variability risk
Wonka Bar - Nutty Crunch Surprise,Lot's O' Nuts,Wicked Choccy's,Gulf,Same Day,1320.359243402806,-2.3758100094873953,-0.18026099185257327,260.0116889313364,2.5731497544641604,3.649550453405364,6.820449546594636,-0.6495504534053644,-8.695454530192293,897.8239432041659,25.35149150801231,Do Not Reassign,Acceptable
Wonka Bar - Nutty Crunch Surprise,Lot's O' Nuts,Sugar Shack,Gulf,Second Class,1285.3508003295071,35.03527038614334,2.653411086588803,210.44773697999224,21.144852219793474,2.796728971962617,7.673271028037384,0.20327102803738306,2.7211650339676443,2136.7328059710176,96.73742270428684,Potential Reassignment,Acceptable
Wonka Bar - Nutty Crunch Surprise,Lot's O' Nuts,Secret Factory,Gulf,Second Class,1387.0909171198475,-66.70484640419704,-5.051919880375817,304.67712114326554,-14.163068502296305,2.0907975460122703,8.37920245398773,0.9092024539877297,12.171384926207892,1329.3492378052736,30.0,Do Not Reassign,Higher variability risk
Wonka Bar - Nutty Crunch Surprise,Lot's O' Nuts,Wicked Choccy's,Gulf,Second Class,1322.761880725138,-2.3758100094876227,-0.1799329803744394,260.0116889313364,2.5731497544641604,3.649550453405364,6.820449546594636,-0.6495504534053644,-8.695454530192293,897.8239432041659,25.35149150801231,Do Not Reassign,Acceptable
Wonka Bar - Nutty Crunch Surprise,Lot's O' Nuts,Sugar Shack,Gulf,Standard Class,1273.9676673788813,35.03527038614334,2.6764852373793846,210.44773697999224,21.144852219793474,2.796728971962617,7.673271028037384,0.20327102803738306,2.7211650339676443,2136.7328059710176,96.73742270428684,Potential Reassignment,Acceptable
Wonka Bar - Nutty Crunch Surprise,Lot's O' Nuts,Secret Factory,Gulf,Standard Class,1375.7077841692214,-66.70484640419681,-5.095851543166728,304.67712114326554,-14.163068502296305,2.0907975460122703,8.37920245398773,0.9092024539877297,12.171384926207892,1329.3492378052736,30.0,Do Not Reassign,Higher variability risk
Wonka Bar - Nutty Crunch Surprise,Lot's O' Nuts,Wicked Choccy's,Gulf,Standard Class,1311.378747774512,-2.3758100094873953,-0.1814976835379624,260.0116889313364,2.5731497544641604,3.649550453405364,6.820449546594636,-0.6495504534053644,-8.695454530192293,897.8239432041659,25.35149150801231,Do Not Reassign,Acceptable
Wonka Bar - Nutty Crunch Surprise,Lot's O' Nuts,Sugar Shack,Interior,First Class,1317.7780807064603,35.03527038614334,2.5898081474319423,235.25726799156945,8.960195548916523,2.796728971962617,7.673271028037384,0.20327102803738306,2.7211650339676443,1018.4239278200666,96.73742270428684,Potential Reassignment,Acceptable
Wonka Bar - Nutty Crunch Surprise,Lot's O' Nuts,Secret Factory,Interior,First Class,1419.5181974968004,-66.70484640419681,-4.930824074904528,305.78922039834566,-18.33424346878107,2.0907975460122703,8.37920245398773,0.9092024539877297,12.171384926207892,464.37744638282044,30.0,Do Not Reassign,Higher variability risk
Wonka Bar - Nutty Crunch Surprise,Lot's O' Nuts,Wicked Choccy's,Interior,First Class,1355.189161102091,-2.3758100094873953,-0.17561994103388803,266.03206567220985,-2.9490287092159013,3.649550453405364,6.820449546594636,-0.6495504534053644,-8.695454530192293,1472.986345145029,22.795969044101934,Do Not Reassign,Higher variability risk
Wonka Bar - Nutty Crunch Surprise,Lot's O' Nuts,Sugar Shack,Interior,Same Day,1303.1367331676106,35.03527038614334,2.618144027307472,235.25726799156945,8.960195548916523,2.796728971962617,7.673271028037384,0.20327102803738306,2.7211650339676443,1018.4239278200666,96.73742270428684,Potential Reassignment,Acceptable
Wonka Bar - Nutty Crunch Surprise,Lot's O' Nuts,Secret Factory,Interior,Same Day,1404.8768499579508,-66.70484640419681,-4.9847737231873195,305.78922039834566,-18.33424346878107,2.0907975460122703,8.37920245398773,0.9092024539877297,12.171384926207892,464.37744638282044,30.0,Do Not Reassign,Higher variability risk
Wonka Bar - Nutty Crunch Surprise,Lot's O' Nuts,Wicked Choccy's,Interior,Same Day,1340.5478135632413,-2.3758100094873953,-0.1775414523079252,266.03206567220985,-2.9490287092159013,3.649550453405364,6.820449546594636,-0.6495504534053644,-8.695454530192293,1472.986345145029,22.795969044101934,Do Not Reassign,Higher variability risk
Wonka Bar - Nutty Crunch Surprise,Lot's O' Nuts,Sugar Shack,Interior,Second Class,1305.5393704899425,35.03527038614334,2.613451673473941,235.25726799156945,8.960195548916523,2.796728971962617,7.673271028037384,0.20327102803738306,2.7211650339676443,1018.4239278200666,96.73742270428684,Potential Reassignment,Acceptable
Wonka Bar - Nutty Crunch Surprise,Lot's O' Nuts,Secret Factory,Interior,Second Class,1407.2794872802826,-66.70484640419681,-4.975839790659041,305.78922039834566,-18.33424346878107,2.0907975460122703,8.37920245398773,0.9092024539877297,12.171384926207892,464.37744638282044,30.0,Do Not Reassign,Higher variability risk
Wonka Bar - Nutty Crunch Surprise,Lot's O' Nuts,Wicked Choccy's,Interior,Second Class,1342.9504508855732,-2.3758100094873953,-0.17722325464360325,266.03206567220985,-2.9490287092159013,3.649550453405364,6.820449546594636,-0.6495504534053644,-8.695454530192293,1472.986345145029,22.795969044101934,Do Not Reassign,Higher variability risk
Wonka Bar - Nutty Crunch Surprise,Lot's O' Nuts,Sugar Shack,Interior,Standard Class,1294.1562375393164,35.03527038614334,2.635833149492864,235.25726799156945,8.960195548916523,2.796728971962617,7.673271028037384,0.20327102803738306,2.7211650339676443,1018.4239278200666,96.73742270428684,Potential Reassignment,Acceptable
Wonka Bar - Nutty Crunch Surprise,Lot's O' Nuts,Secret Factory,Interior,Standard Class,1395.8963543296568,-66.70484640419704,-5.018452646323844,305.78922039834566,-18.33424346878107,2.0907975460122703,8.37920245398773,0.9092024539877297,12.171384926207892,464.37744638282044,30.0,Do Not Reassign,Higher variability risk
Wonka Bar - Nutty Crunch Surprise,Lot's O' Nuts,Wicked Choccy's,Interior,Standard Class,1331.5673179349474,-2.3758100094876227,-0.17874098618006343,266.03206567220985,-2.9490287092159013,3.649550453405364,6.820449546594636,-0.6495504534053644,-8.695454530192293,1472.986345145029,22.795969044101934,Do Not Reassign,Higher variability risk
Wonka Bar - Nutty Crunch Surprise,Lot's O' Nuts,Sugar Shack,Pacific,First Class,1316.2416470433318,35.03527038614334,2.592752820257649,210.15549798502377,21.267928725958175,2.796728971962617,7.673271028037384,0.20327102803738306,2.7211650339676443,2294.990439990625,96.73742270428684,Potential Reassignment,Acceptable
Wonka Bar - Nutty Crunch Surprise,Lot's O' Nuts,Secret Factory,Pacific,First Class,1417.981763833672,-66.70484640419681,-4.936430537945471,286.8819120848882,-7.476641658503805,2.0907975460122703,8.37920245398773,0.9092024539877297,12.171384926207892,2570.299818307878,30.0,Do Not Reassign,Higher variability risk
Wonka Bar - Nutty Crunch Surprise,Lot's O' Nuts,Wicked Choccy's,Pacific,First Class,1353.6527274389625,-2.3758100094873953,-0.17581962504080084,266.21497467024545,0.2659622949829092,3.649550453405364,6.820449546594636,-0.6495504534053644,-8.695454530192293,3580.9141948722836,23.058580804118986,Do Not Reassign,Acceptable
Wonka Bar - Nutty Crunch Surprise,Lot's O' Nuts,Sugar Shack,Pacific,Same Day,1301.600299504482,35.03527038614334,2.6211535272108772,210.15549798502377,21.267928725958175,2.796728971962617,7.673271028037384,0.20327102803738306,2.7211650339676443,2294.990439990625,96.73742270428684,Potential Reassignment,Acceptable
Wonka Bar - Nutty Crunch Surprise,Lot's O' Nuts,Secret Factory,Pacific,Same Day,1403.3404162948223,-66.70484640419681,-4.990503612712862,286.8819120848882,-7.476641658503805,2.0907975460122703,8.37920245398773,0.9092024539877297,12.171384926207892,2570.299818307878,30.0,Do Not Reassign,Higher variability risk
Wonka Bar - Nutty Crunch Surprise,Lot's O' Nuts,Wicked Choccy's,Pacific,Same Day,1339.0113799001128,-2.3758100094873953,-0.17774553236540036,266.21497467024545,0.2659622949829092,3.649550453405364,6.820449546594636,-0.6495504534053644,-8.695454530192293,3580.9141948722836,23.058580804118986,Do Not Reassign,Acceptable
Wonka Bar - Nutty Crunch Surprise,Lot's O' Nuts,Sugar Shack,Pacific,Second Class,1304.002936826814,35.03527038614334,2.616450389348107,210.15549798502377,21.267928725958175,2.796728971962617,7.673271028037384,0.20327102803738306,2.7211650339676443,2294.990439990625,96.73742270428684,Potential Reassignment,Acceptable
Wonka Bar - Nutty Crunch Surprise,Lot's O' Nuts,Secret Factory,Pacific,Second Class,1405.7430536171544,-66.70484640419704,-4.981549148103469,286.8819120848882,-7.476641658503805,2.0907975460122703,8.37920245398773,0.9092024539877297,12.171384926207892,2570.299818307878,30.0,Do Not Reassign,Higher variability risk
Wonka Bar - Nutty Crunch Surprise,Lot's O' Nuts,Wicked Choccy's,Pacific,Second Class,1341.414017222445,-2.3758100094876227,-0.17742660341504204,266.21497467024545,0.2659622949829092,3.649550453405364,6.820449546594636,-0.6495504534053644,-8.695454530192293,3580.9141948722836,23.058580804118986,Do Not Reassign,Acceptable
Wonka Bar - Nutty Crunch Surprise,Lot's O' Nuts,Sugar Shack,Pacific,Standard Class,1292.6198038761881,35.03527038614334,2.6388834769911567,210.15549798502377,21.267928725958175,2.796728971962617,7.673271028037384,0.20327102803738306,2.7211650339676443,2294.990439990625,96.73742270428684,Potential Reassignment,Acceptable
Wonka Bar - Nutty Crunch Surprise,Lot's O' Nuts,Secret Factory,Pacific,Standard Class,1394.3599206665283,-66.70484640419681,-5.024260268899978,286.8819120848882,-7.476641658503805,2.0907975460122703,8.37920245398773,0.9092024539877297,12.171384926207892,2570.299818307878,30.0,Do Not Reassign,Higher variability risk
Wonka Bar - Nutty Crunch Surprise,Lot's O' Nuts,Wicked Choccy's,Pacific,Standard Class,1330.0308842718189,-2.3758100094873953,-0.17894783483635138,266.21497467024545,0.2659622949829092,3.649550453405364,6.820449546594636,-0.6495504534053644,-8.695454530192293,3580.9141948722836,23.058580804118986,Do Not Reassign,Acceptable
Wonka Bar - Triple Dazzle Caramel,Wicked Choccy's,Sugar Shack,Atlantic,First Class,1308.880493526491,37.411080395630734,2.7788245221383843,274.60691454575556,-7.629480941874927,2.796728971962617,8.453271028037383,1.1032710280373834,15.010490177379369,1907.5144595175952,86.23742270428686,Potential Reassignment,Higher variability risk
Wonka Bar - Triple Dazzle Caramel,Wicked Choccy's,Secret Factory,Atlantic,First Class,1410.620610316831,-64.32903639470942,-4.778239546378579,276.9399222084468,-8.543880363259612,2.0907975460122703,9.15920245398773,1.80920245398773,24.614999373982723,1290.869670067162,40.5,Do Not Reassign,Higher variability risk
Wonka Bar - Triple Dazzle Caramel,Wicked Choccy's,Lot's O' Nuts,Atlantic,First Class,1343.9157639126342,2.3758100094873953,0.17647068848288192,255.74106237686206,-0.23519562381232334,3.302645976794642,7.947354023205358,0.5973540232053587,8.127265621841614,3313.279674146417,38.011015041620695,Potential Reassignment,Higher variability risk
Wonka Bar - Triple Dazzle Caramel,Wicked Choccy's,Sugar Shack,Atlantic,Same Day,1294.2391459876412,37.411080395630734,2.8093773916322062,274.60691454575556,-7.629480941874927,2.796728971962617,8.453271028037383,1.1032710280373834,15.010490177379369,1907.5144595175952,86.23742270428686,Potential Reassignment,Higher variability risk
Wonka Bar - Triple Dazzle Caramel,Wicked Choccy's,Secret Factory,Atlantic,Same Day,1395.9792627779814,-64.32903639470942,-4.8307757637998865,276.9399222084468,-8.543880363259612,2.0907975460122703,9.15920245398773,1.80920245398773,24.614999373982723,1290.869670067162,40.5,Do Not Reassign,Higher variability risk
Wonka Bar - Triple Dazzle Caramel,Wicked Choccy's,Lot's O' Nuts,Atlantic,Same Day,1329.2744163737846,2.3758100094873953,0.17841096426199202,255.74106237686206,-0.23519562381232334,3.302645976794642,7.947354023205358,0.5973540232053587,8.127265621841614,3313.279674146417,38.011015041620695,Potential Reassignment,Higher variability risk
Wonka Bar - Triple Dazzle Caramel,Wicked Choccy's,Sugar Shack,Atlantic,Second Class,1296.641783309973,37.411080395630734,2.804317685860951,274.60691454575556,-7.629480941874927,2.796728971962617,8.453271028037383,1.1032710280373834,15.010490177379369,1907.5144595175952,86.23742270428686,Potential Reassignment,Higher variability risk
Wonka Bar - Triple Dazzle Caramel,Wicked Choccy's,Secret Factory,Atlantic,Second Class,1398.3819001003133,-64.32903639470942,-4.822075507264563,276.9399222084468,-8.543880363259612,2.0907975460122703,9.15920245398773,1.80920245398773,24.614999373982723,1290.869670067162,40.5,Do Not Reassign,Higher variability risk
Wonka Bar - Triple Dazzle Caramel,Wicked Choccy's,Lot's O' Nuts,Atlantic,Second Class,1331.6770536961164,2.3758100094873953,0.1780896450301151,255.74106237686206,-0.23519562381232334,3.302645976794642,7.947354023205358,0.5973540232053587,8.127265621841614,3313.279674146417,38.011015041620695,Potential Reassignment,Higher variability risk
Wonka Bar - Triple Dazzle Caramel,Wicked Choccy's,Sugar Shack,Atlantic,Standard Class,1285.258650359347,37.41108039563096,2.8284521468769657,274.60691454575556,-7.629480941874927,2.796728971962617,8.453271028037383,1.1032710280373834,15.010490177379369,1907.5144595175952,86.23742270428686,Potential Reassignment,Higher variability risk
Wonka Bar - Triple Dazzle Caramel,Wicked Choccy's,Secret Factory,Atlantic,Standard Class,1386.9987671496874,-64.32903639470942,-4.863575154017511,276.9399222084468,-8.543880363259612,2.0907975460122703,9.15920245398773,1.80920245398773,24.614999373982723,1290.869670067162,40.5,Do Not Reassign,Higher variability risk
Wonka Bar - Triple Dazzle Caramel,Wicked Choccy's,Lot's O' Nuts,Atlantic,Standard Class,1320.2939207454904,2.3758100094876227,0.1796223164592656,255.74106237686206,-0.23519562381232334,3.302645976794642,7.947354023205358,0.5973540232053587,8.127265621841614,3313.279674146417,38.01101504162098,Potential Reassignment,Higher variability risk
Wonka Bar - Triple Dazzle Caramel,Wicked Choccy's,Sugar Shack,Gulf,First Class,1295.5097069225974,37.411080395630734,2.806699449177322,210.44773697999224,19.062201455271087,2.796728971962617,8.453271028037383,1.1032710280373834,15.010490177379369,2136.7328059710176,96.73742270428686,Potential Reassignment,Acceptable
Wonka Bar - Triple Dazzle Caramel,Wicked Choccy's,Secret Factory,Gulf,First Class,1397.2498237129375,-64.32903639470942,-4.826170992811682,304.67712114326554,-17.17824009970735,2.0907975460122703,9.15920245398773,1.80920245398773,24.614999373982723,1329.3492378052736,30.0,Do Not Reassign,Higher variability risk
Wonka Bar - Triple Dazzle Caramel,Wicked Choccy's,Lot's O' Nuts,Gulf,First Class,1330.5449773087407,2.3758100094873953,0.1782409001413662,266.87888223426404,-2.6411094559449366,3.302645976794642,7.947354023205358,0.5973540232053587,8.127265621841614,2100.5308123042055,27.511015041620695,Potential Reassignment,Higher variability risk
Wonka Bar - Triple Dazzle Caramel,Wicked Choccy's,Sugar Shack,Gulf,Same Day,1280.8683593837477,37.411080395630734,2.837871794609168,210.44773697999224,19.062201455271087,2.796728971962617,8.453271028037383,1.1032710280373834,15.010490177379369,2136.7328059710176,96.73742270428686,Potential Reassignment,Acceptable
Wonka Bar - Triple Dazzle Caramel,Wicked Choccy's,Secret Factory,Gulf,Same Day,1382.6084761740879,-64.32903639470942,-4.879772410428798,304.67712114326554,-17.17824009970735,2.0907975460122703,9.15920245398773,1.80920245398773,24.614999373982723,1329.3492378052736,30.0,Do Not Reassign,Higher variability risk
Wonka Bar - Triple Dazzle Caramel,Wicked Choccy's,Lot's O' Nuts,Gulf,Same Day,1315.903629769891,2.3758100094873953,0.18022051606031272,266.87888223426404,-2.6411094559449366,3.302645976794642,7.947354023205358,0.5973540232053587,8.127265621841614,2100.5308123042055,27.511015041620695,Potential Reassignment,Higher variability risk
Wonka Bar - Triple Dazzle Caramel,Wicked Choccy's,Sugar Shack,Gulf,Second Class,1283.2709967060796,37.411080395630734,2.832709025455305,210.44773697999224,19.062201455271087,2.796728971962617,8.453271028037383,1.1032710280373834,15.010490177379369,2136.7328059710176,96.73742270428686,Potential Reassignment,Acceptable
Wonka Bar - Triple Dazzle Caramel,Wicked Choccy's,Secret Factory,Gulf,Second Class,1385.0111134964197,-64.32903639470942,-4.870894934523687,304.67712114326554,-17.17824009970735,2.0907975460122703,9.15920245398773,1.80920245398773,24.614999373982723,1329.3492378052736,30.0,Do Not Reassign,Higher variability risk
Wonka Bar - Triple Dazzle Caramel,Wicked Choccy's,Lot's O' Nuts,Gulf,Second Class,1318.306267092223,2.3758100094873953,0.17989265173501903,266.87888223426404,-2.6411094559449366,3.302645976794642,7.947354023205358,0.5973540232053587,8.127265621841614,2100.5308123042055,27.511015041620695,Potential Reassignment,Higher variability risk
Wonka Bar - Triple Dazzle Caramel,Wicked Choccy's,Sugar Shack,Gulf,Standard Class,1271.8878637554535,37.41108039563096,2.8573367879623044,210.44773697999224,19.062201455271087,2.796728971962617,8.453271028037383,1.1032710280373834,15.010490177379369,2136.7328059710176,96.73742270428686,Potential Reassignment,Acceptable
Wonka Bar - Triple Dazzle Caramel,Wicked Choccy's,Secret Factory,Gulf,Standard Class,1373.627980545794,-64.32903639470942,-4.9132428222050315,304.67712114326554,-17.17824009970735,2.0907975460122703,9.15920245398773,1.80920245398773,24.614999373982723,1329.3492378052736,30.0,Do Not Reassign,Higher variability risk
Wonka Bar - Triple Dazzle Caramel,Wicked Choccy's,Lot's O' Nuts,Gulf,Standard Class,1306.9231341415968,2.3758100094876227,0.18145665053048954,266.87888223426404,-2.6411094559449366,3.302645976794642,7.947354023205358,0.5973540232053587,8.127265621841614,2100.5308123042055,27.511015041620972,Potential Reassignment,Higher variability risk
Wonka Bar - Triple Dazzle Caramel,Wicked Choccy's,Sugar Shack,Interior,First Class,1315.6982770830325,37.41108039563096,2.7648231230431706,235.25726799156945,11.568078307732806,2.796728971962617,8.453271028037383,1.1032710280373834,15.010490177379369,1018.4239278200666,96.73742270428686,Potential Reassignment,Acceptable
Wonka Bar - Triple Dazzle Caramel,Wicked Choccy's,Lot's O' Nuts,Interior,First Class,1350.7335474691758,2.3758100094876227,0.1755815223918504,258.4114381726021,2.864552241231497,3.302645976794642,7.947354023205358,0.5973540232053587,8.127265621841614,1652.3798078410057,32.71115247720955,Potential Reassignment,Acceptable
Wonka Bar - Triple Dazzle Caramel,Wicked Choccy's,Secret Factory,Interior,First Class,1417.4383938733727,-64.32903639470919,-4.754163884771121,305.78922039834566,-14.944497245351767,2.0907975460122703,9.15920245398773,1.80920245398773,24.614999373982723,464.37744638282044,30.0,Do Not Reassign,Higher variability risk
Wonka Bar - Triple Dazzle Caramel,Wicked Choccy's,Sugar Shack,Interior,Same Day,1301.0569295441828,37.41108039563096,2.79506720502892,235.25726799156945,11.568078307732806,2.796728971962617,8.453271028037383,1.1032710280373834,15.010490177379369,1018.4239278200666,96.73742270428686,Potential Reassignment,Acceptable
Wonka Bar - Triple Dazzle Caramel,Wicked Choccy's,Lot's O' Nuts,Interior,Same Day,1336.0921999303262,2.3758100094876227,0.17750218846055607,258.4114381726021,2.864552241231497,3.302645976794642,7.947354023205358,0.5973540232053587,8.127265621841614,1652.3798078410057,32.71115247720955,Potential Reassignment,Acceptable
Wonka Bar - Triple Dazzle Caramel,Wicked Choccy's,Secret Factory,Interior,Same Day,1402.7970463345232,-64.32903639470942,-4.806169136429497,305.78922039834566,-14.944497245351767,2.0907975460122703,9.15920245398773,1.80920245398773,24.614999373982723,464.37744638282044,30.0,Do Not Reassign,Higher variability risk
Wonka Bar - Triple Dazzle Caramel,Wicked Choccy's,Sugar Shack,Interior,Second Class,1303.459566866515,37.411080395630734,2.7900588674991496,235.25726799156945,11.568078307732806,2.796728971962617,8.453271028037383,1.1032710280373834,15.010490177379369,1018.4239278200666,96.73742270428686,Potential Reassignment,Acceptable
Wonka Bar - Triple Dazzle Caramel,Wicked Choccy's,Lot's O' Nuts,Interior,Second Class,1338.4948372526583,2.3758100094873953,0.1771841313954063,258.4114381726021,2.864552241231497,3.302645976794642,7.947354023205358,0.5973540232053587,8.127265621841614,1652.3798078410057,32.71115247720927,Potential Reassignment,Acceptable
Wonka Bar - Triple Dazzle Caramel,Wicked Choccy's,Secret Factory,Interior,Second Class,1405.199683656855,-64.32903639470942,-4.797557208524144,305.78922039834566,-14.944497245351767,2.0907975460122703,9.15920245398773,1.80920245398773,24.614999373982723,464.37744638282044,30.0,Do Not Reassign,Higher variability risk
Wonka Bar - Triple Dazzle Caramel,Wicked Choccy's,Sugar Shack,Interior,Standard Class,1292.0764339158889,37.411080395630734,2.8139474792288075,235.25726799156945,11.568078307732806,2.796728971962617,8.453271028037383,1.1032710280373834,15.010490177379369,1018.4239278200666,96.73742270428686,Potential Reassignment,Acceptable
Wonka Bar - Triple Dazzle Caramel,Wicked Choccy's,Lot's O' Nuts,Interior,Standard Class,1327.1117043020322,2.3758100094873953,0.17870119003845764,258.4114381726021,2.864552241231497,3.302645976794642,7.947354023205358,0.5973540232053587,8.127265621841614,1652.3798078410057,32.71115247720927,Potential Reassignment,Acceptable
Wonka Bar - Triple Dazzle Caramel,Wicked Choccy's,Secret Factory,Interior,Standard Class,1393.816550706229,-64.32903639470942,-4.838634112936552,305.78922039834566,-14.944497245351767,2.0907975460122703,9.15920245398773,1.80920245398773,24.614999373982723,464.37744638282044,30.0,Do Not Reassign,Higher variability risk
Wonka Bar - Triple Dazzle Caramel,Wicked Choccy's,Sugar Shack,Pacific,First Class,1314.1618434199042,37.411080395630734,2.7679661035246266,210.15549798502377,21.057972698440913,2.796728971962617,8.453271028037383,1.1032710280373834,15.010490177379369,2294.990439990625,96.73742270428686,Potential Reassignment,Acceptable
Wonka Bar - Triple Dazzle Caramel,Wicked Choccy's,Secret Factory,Pacific,First Class,1415.9019602102444,-64.32903639470942,-4.759568297144221,286.8819120848882,-7.763251274742309,2.0907975460122703,9.15920245398773,1.80920245398773,24.614999373982723,2570.299818307878,30.0,Do Not Reassign,Higher variability risk
Wonka Bar - Triple Dazzle Caramel,Wicked Choccy's,Lot's O' Nuts,Pacific,First Class,1349.1971138060476,2.3758100094873953,0.17578111899285503,266.9248942448598,-0.26667154073270816,3.302645976794642,7.947354023205358,0.5973540232053587,8.127265621841614,878.5208852512897,27.511015041620695,Potential Reassignment,Higher variability risk
Wonka Bar - Triple Dazzle Caramel,Wicked Choccy's,Sugar Shack,Pacific,Same Day,1299.5204958810546,37.411080395630734,2.798279362943875,210.15549798502377,21.057972698440913,2.796728971962617,8.453271028037383,1.1032710280373834,15.010490177379369,2294.990439990625,96.73742270428686,Potential Reassignment,Acceptable
Wonka Bar - Triple Dazzle Caramel,Wicked Choccy's,Secret Factory,Pacific,Same Day,1401.2606126713947,-64.32903639470942,-4.811692500663637,286.8819120848882,-7.763251274742309,2.0907975460122703,9.15920245398773,1.80920245398773,24.614999373982723,2570.299818307878,30.0,Do Not Reassign,Higher variability risk
Wonka Bar - Triple Dazzle Caramel,Wicked Choccy's,Lot's O' Nuts,Pacific,Same Day,1334.555766267198,2.3758100094873953,0.17770617821025333,266.9248942448598,-0.26667154073270816,3.302645976794642,7.947354023205358,0.5973540232053587,8.127265621841614,878.5208852512897,27.511015041620695,Potential Reassignment,Higher variability risk
Wonka Bar - Triple Dazzle Caramel,Wicked Choccy's,Sugar Shack,Pacific,Second Class,1301.9231332033864,37.411080395630734,2.7932595177346244,210.15549798502377,21.057972698440913,2.796728971962617,8.453271028037383,1.1032710280373834,15.010490177379369,2294.990439990625,96.73742270428686,Potential Reassignment,Acceptable
Wonka Bar - Triple Dazzle Caramel,Wicked Choccy's,Secret Factory,Pacific,Second Class,1403.6632499937266,-64.32903639470942,-4.8030607850930975,286.8819120848882,-7.763251274742309,2.0907975460122703,9.15920245398773,1.80920245398773,24.614999373982723,2570.299818307878,30.0,Do Not Reassign,Higher variability risk
Wonka Bar - Triple Dazzle Caramel,Wicked Choccy's,Lot's O' Nuts,Pacific,Second Class,1336.9584035895298,2.3758100094873953,0.17738739034398238,266.9248942448598,-0.26667154073270816,3.302645976794642,7.947354023205358,0.5973540232053587,8.127265621841614,878.5208852512897,27.511015041620695,Potential Reassignment,Higher variability risk
Wonka Bar - Triple Dazzle Caramel,Wicked Choccy's,Sugar Shack,Pacific,Standard Class,1290.5400002527604,37.41108039563096,2.817203204305121,210.15549798502377,21.057972698440913,2.796728971962617,8.453271028037383,1.1032710280373834,15.010490177379369,2294.990439990625,96.73742270428686,Potential Reassignment,Acceptable
Wonka Bar - Triple Dazzle Caramel,Wicked Choccy's,Secret Factory,Pacific,Standard Class,1392.2801170431007,-64.32903639470942,-4.844232391700743,286.8819120848882,-7.763251274742309,2.0907975460122703,9.15920245398773,1.80920245398773,24.614999373982723,2570.299818307878,30.0,Do Not Reassign,Higher variability risk
Wonka Bar - Triple Dazzle Caramel,Wicked Choccy's,Lot's O' Nuts,Pacific,Standard Class,1325.5752706389037,2.3758100094876227,0.1789079465433018,266.9248942448598,-0.26667154073270816,3.302645976794642,7.947354023205358,0.5973540232053587,8.127265621841614,878.5208852512897,27.511015041620972,Potential Reassignment,Higher variability risk
Wonka Bar -Scrumdiddlyumptious,Lot's O' Nuts,Sugar Shack,Atlantic,First Class,1301.8924584393571,35.03527038614334,2.6205807262986496,274.60691454575556,-7.376935089560482,2.796728971962617,8.003271028037384,0.5032710280373829,6.710280373831772,1907.5144595175952,75.73742270428684,Potential Reassignment,Higher variability risk
Wonka Bar -Scrumdiddlyumptious,Lot's O' Nuts,Wicked Choccy's,Atlantic,First Class,1339.3035388349879,-2.3758100094873953,-0.17770668961848518,255.1409819527574,0.23464375197612647,3.649550453405364,7.150449546594636,-0.3495504534053646,-4.660672712071528,966.7174915154925,43.79596904410194,Do Not Reassign,Acceptable
Wonka Bar -Scrumdiddlyumptious,Lot's O' Nuts,Secret Factory,Atlantic,First Class,1403.6325752296973,-66.70484640419681,-4.989413037516803,276.9399222084468,-8.289188929834781,2.0907975460122703,8.70920245398773,1.2092024539877295,16.122699386503058,1290.869670067162,30.0,Do Not Reassign,Higher variability risk
Wonka Bar -Scrumdiddlyumptious,Lot's O' Nuts,Sugar Shack,Atlantic,Same Day,1287.2511109005075,35.03527038614334,2.6495977635383543,274.60691454575556,-7.376935089560482,2.796728971962617,8.003271028037384,0.5032710280373829,6.710280373831772,1907.5144595175952,75.73742270428684,Potential Reassignment,Higher variability risk
Wonka Bar -Scrumdiddlyumptious,Lot's O' Nuts,Wicked Choccy's,Atlantic,Same Day,1324.6621912961382,-2.3758100094873953,-0.17967439150175724,255.1409819527574,0.23464375197612647,3.649550453405364,7.150449546594636,-0.3495504534053646,-4.660672712071528,966.7174915154925,43.79596904410194,Do Not Reassign,Acceptable
Wonka Bar -Scrumdiddlyumptious,Lot's O' Nuts,Secret Factory,Atlantic,Same Day,1388.9912276908476,-66.70484640419681,-5.044659564540751,276.9399222084468,-8.289188929834781,2.0907975460122703,8.70920245398773,1.2092024539877295,16.122699386503058,1290.869670067162,30.0,Do Not Reassign,Higher variability risk
Wonka Bar -Scrumdiddlyumptious,Lot's O' Nuts,Sugar Shack,Atlantic,Second Class,1289.6537482228396,35.03527038614311,2.6447920903679436,274.60691454575556,-7.376935089560482,2.796728971962617,8.003271028037384,0.5032710280373829,6.710280373831772,1907.5144595175952,75.73742270428684,Potential Reassignment,Higher variability risk
Wonka Bar -Scrumdiddlyumptious,Lot's O' Nuts,Wicked Choccy's,Atlantic,Second Class,1327.0648286184703,-2.3758100094876227,-0.17934850943222821,255.1409819527574,0.23464375197612647,3.649550453405364,7.150449546594636,-0.3495504534053646,-4.660672712071528,966.7174915154925,43.79596904410194,Do Not Reassign,Acceptable
Wonka Bar -Scrumdiddlyumptious,Lot's O' Nuts,Secret Factory,Atlantic,Second Class,1391.3938650131797,-66.70484640419704,-5.03550987946151,276.9399222084468,-8.289188929834781,2.0907975460122703,8.70920245398773,1.2092024539877295,16.122699386503058,1290.869670067162,30.0,Do Not Reassign,Higher variability risk
Wonka Bar -Scrumdiddlyumptious,Lot's O' Nuts,Sugar Shack,Atlantic,Standard Class,1278.2706152722135,35.03527038614334,2.6677159349347046,274.60691454575556,-7.376935089560482,2.796728971962617,8.003271028037384,0.5032710280373829,6.710280373831772,1907.5144595175952,75.73742270428684,Potential Reassignment,Higher variability risk
Wonka Bar -Scrumdiddlyumptious,Lot's O' Nuts,Wicked Choccy's,Atlantic,Standard Class,1315.6816956678442,-2.3758100094873953,-0.1809030200375907,255.1409819527574,0.23464375197612647,3.649550453405364,7.150449546594636,-0.3495504534053646,-4.660672712071528,966.7174915154925,43.79596904410194,Do Not Reassign,Acceptable
Wonka Bar -Scrumdiddlyumptious,Lot's O' Nuts,Secret Factory,Atlantic,Standard Class,1380.0107320625536,-66.70484640419681,-5.07915536910564,276.9399222084468,-8.289188929834781,2.0907975460122703,8.70920245398773,1.2092024539877295,16.122699386503058,1290.869670067162,30.0,Do Not Reassign,Higher variability risk
Wonka Bar -Scrumdiddlyumptious,Lot's O' Nuts,Sugar Shack,Gulf,First Class,1288.5216718354636,35.03527038614334,2.6470542572453435,210.44773697999224,21.144852219793474,2.796728971962617,8.003271028037384,0.5032710280373829,6.710280373831772,2136.7328059710176,96.73742270428684,Potential Reassignment,Acceptable
Wonka Bar -Scrumdiddlyumptious,Lot's O' Nuts,Secret Factory,Gulf,First Class,1390.2617886258038,-66.70484640419681,-5.039816896145918,304.67712114326554,-14.163068502296305,2.0907975460122703,8.70920245398773,1.2092024539877295,16.122699386503058,1329.3492378052736,30.0,Do Not Reassign,Higher variability risk
Wonka Bar -Scrumdiddlyumptious,Lot's O' Nuts,Wicked Choccy's,Gulf,First Class,1325.9327522310944,-2.3758100094873953,-0.17950191137976793,260.0116889313364,2.5731497544641604,3.649550453405364,7.150449546594636,-0.3495504534053646,-4.660672712071528,897.8239432041659,25.35149150801231,Do Not Reassign,Acceptable
Wonka Bar -Scrumdiddlyumptious,Lot's O' Nuts,Sugar Shack,Gulf,Same Day,1273.880324296614,35.03527038614334,2.676663837490213,210.44773697999224,21.144852219793474,2.796728971962617,8.003271028037384,0.5032710280373829,6.710280373831772,2136.7328059710176,96.73742270428684,Potential Reassignment,Acceptable
Wonka Bar -Scrumdiddlyumptious,Lot's O' Nuts,Secret Factory,Gulf,Same Day,1375.620441086954,-66.70484640419681,-5.0961915860101055,304.67712114326554,-14.163068502296305,2.0907975460122703,8.70920245398773,1.2092024539877295,16.122699386503058,1329.3492378052736,30.0,Do Not Reassign,Higher variability risk
Wonka Bar -Scrumdiddlyumptious,Lot's O' Nuts,Wicked Choccy's,Gulf,Same Day,1311.2914046922447,-2.3758100094873953,-0.18150979475977763,260.0116889313364,2.5731497544641604,3.649550453405364,7.150449546594636,-0.3495504534053646,-4.660672712071528,897.8239432041659,25.35149150801231,Do Not Reassign,Acceptable
Wonka Bar -Scrumdiddlyumptious,Lot's O' Nuts,Sugar Shack,Gulf,Second Class,1276.2829616189458,35.03527038614334,2.6717595722414518,210.44773697999224,21.144852219793474,2.796728971962617,8.003271028037384,0.5032710280373829,6.710280373831772,2136.7328059710176,96.73742270428684,Potential Reassignment,Acceptable
Wonka Bar -Scrumdiddlyumptious,Lot's O' Nuts,Secret Factory,Gulf,Second Class,1378.0230784092862,-66.70484640419704,-5.086854188109706,304.67712114326554,-14.163068502296305,2.0907975460122703,8.70920245398773,1.2092024539877295,16.122699386503058,1329.3492378052736,30.0,Do Not Reassign,Higher variability risk
Wonka Bar -Scrumdiddlyumptious,Lot's O' Nuts,Wicked Choccy's,Gulf,Second Class,1313.6940420145768,-2.3758100094876227,-0.18117722696914368,260.0116889313364,2.5731497544641604,3.649550453405364,7.150449546594636,-0.3495504534053646,-4.660672712071528,897.8239432041659,25.35149150801231,Do Not Reassign,Acceptable
Wonka Bar -Scrumdiddlyumptious,Lot's O' Nuts,Sugar Shack,Gulf,Standard Class,1264.89982866832,35.03527038614334,2.695155351342311,210.44773697999224,21.144852219793474,2.796728971962617,8.003271028037384,0.5032710280373829,6.710280373831772,2136.7328059710176,96.73742270428684,Potential Reassignment,Acceptable
Wonka Bar -Scrumdiddlyumptious,Lot's O' Nuts,Secret Factory,Gulf,Standard Class,1366.6399454586601,-66.70484640419681,-5.1313982100118745,304.67712114326554,-14.163068502296305,2.0907975460122703,8.70920245398773,1.2092024539877295,16.122699386503058,1329.3492378052736,30.0,Do Not Reassign,Higher variability risk
Wonka Bar -Scrumdiddlyumptious,Lot's O' Nuts,Wicked Choccy's,Gulf,Standard Class,1302.3109090639507,-2.3758100094873953,-0.18276374037561519,260.0116889313364,2.5731497544641604,3.649550453405364,7.150449546594636,-0.3495504534053646,-4.660672712071528,897.8239432041659,25.35149150801231,Do Not Reassign,Acceptable
Wonka Bar -Scrumdiddlyumptious,Lot's O' Nuts,Sugar Shack,Interior,First Class,1308.710241995899,35.03527038614334,2.607284643059884,235.25726799156945,8.960195548916523,2.796728971962617,8.003271028037384,0.5032710280373829,6.710280373831772,1018.4239278200666,96.73742270428684,Potential Reassignment,Acceptable
Wonka Bar -Scrumdiddlyumptious,Lot's O' Nuts,Secret Factory,Interior,First Class,1410.4503587862391,-66.70484640419681,-4.96409817108523,305.78922039834566,-18.33424346878107,2.0907975460122703,8.70920245398773,1.2092024539877295,16.122699386503058,464.37744638282044,30.0,Do Not Reassign,Higher variability risk
Wonka Bar -Scrumdiddlyumptious,Lot's O' Nuts,Wicked Choccy's,Interior,First Class,1346.1213223915297,-2.3758100094873953,-0.17680505628449125,266.03206567220985,-2.9490287092159013,3.649550453405364,7.150449546594636,-0.3495504534053646,-4.660672712071528,1472.986345145029,22.795969044101934,Do Not Reassign,Higher variability risk
Wonka Bar -Scrumdiddlyumptious,Lot's O' Nuts,Sugar Shack,Interior,Same Day,1294.0688944570493,35.03527038614334,2.6360063652555623,235.25726799156945,8.960195548916523,2.796728971962617,8.003271028037384,0.5032710280373829,6.710280373831772,1018.4239278200666,96.73742270428684,Potential Reassignment,Acceptable
Wonka Bar -Scrumdiddlyumptious,Lot's O' Nuts,Secret Factory,Interior,Same Day,1395.8090112473894,-66.70484640419681,-5.018782437723129,305.78922039834566,-18.33424346878107,2.0907975460122703,8.70920245398773,1.2092024539877295,16.122699386503058,464.37744638282044,30.0,Do Not Reassign,Higher variability risk
Wonka Bar -Scrumdiddlyumptious,Lot's O' Nuts,Wicked Choccy's,Interior,Same Day,1331.47997485268,-2.3758100094873953,-0.1787527322787144,266.03206567220985,-2.9490287092159013,3.649550453405364,7.150449546594636,-0.3495504534053646,-4.660672712071528,1472.986345145029,22.795969044101934,Do Not Reassign,Higher variability risk
Wonka Bar -Scrumdiddlyumptious,Lot's O' Nuts,Sugar Shack,Interior,Second Class,1296.4715317793812,35.03527038614334,2.6312498238208755,235.25726799156945,8.960195548916523,2.796728971962617,8.003271028037384,0.5032710280373829,6.710280373831772,1018.4239278200666,96.73742270428684,Potential Reassignment,Acceptable
Wonka Bar -Scrumdiddlyumptious,Lot's O' Nuts,Secret Factory,Interior,Second Class,1398.2116485697213,-66.70484640419681,-5.009726296231455,305.78922039834566,-18.33424346878107,2.0907975460122703,8.70920245398773,1.2092024539877295,16.122699386503058,464.37744638282044,30.0,Do Not Reassign,Higher variability risk
Wonka Bar -Scrumdiddlyumptious,Lot's O' Nuts,Wicked Choccy's,Interior,Second Class,1333.882612175012,-2.3758100094873953,-0.1784301819279816,266.03206567220985,-2.9490287092159013,3.649550453405364,7.150449546594636,-0.3495504534053646,-4.660672712071528,1472.986345145029,22.795969044101934,Do Not Reassign,Higher variability risk
Wonka Bar -Scrumdiddlyumptious,Lot's O' Nuts,Sugar Shack,Interior,Standard Class,1285.088398828755,35.03527038614334,2.653938506153704,235.25726799156945,8.960195548916523,2.796728971962617,8.003271028037384,0.5032710280373829,6.710280373831772,1018.4239278200666,96.73742270428684,Potential Reassignment,Acceptable
Wonka Bar -Scrumdiddlyumptious,Lot's O' Nuts,Secret Factory,Interior,Standard Class,1386.8285156190955,-66.70484640419704,-5.052924052476661,305.78922039834566,-18.33424346878107,2.0907975460122703,8.70920245398773,1.2092024539877295,16.122699386503058,464.37744638282044,30.0,Do Not Reassign,Higher variability risk
Wonka Bar -Scrumdiddlyumptious,Lot's O' Nuts,Wicked Choccy's,Interior,Standard Class,1322.499479224386,-2.3758100094876227,-0.17996874572369118,266.03206567220985,-2.9490287092159013,3.649550453405364,7.150449546594636,-0.3495504534053646,-4.660672712071528,1472.986345145029,22.795969044101934,Do Not Reassign,Higher variability risk
Wonka Bar -Scrumdiddlyumptious,Lot's O' Nuts,Sugar Shack,Pacific,First Class,1307.1738083327705,35.03527038614334,2.6102692152539406,210.15549798502377,21.267928725958175,2.796728971962617,8.003271028037384,0.5032710280373829,6.710280373831772,2294.990439990625,96.73742270428684,Potential Reassignment,Acceptable
Wonka Bar -Scrumdiddlyumptious,Lot's O' Nuts,Secret Factory,Pacific,First Class,1408.9139251231106,-66.70484640419681,-4.969780599894615,286.8819120848882,-7.476641658503805,2.0907975460122703,8.70920245398773,1.2092024539877295,16.122699386503058,2570.299818307878,30.0,Do Not Reassign,Higher variability risk
Wonka Bar -Scrumdiddlyumptious,Lot's O' Nuts,Wicked Choccy's,Pacific,First Class,1344.5848887284012,-2.3758100094873953,-0.1770074459453823,266.21497467024545,0.2659622949829092,3.649550453405364,7.150449546594636,-0.3495504534053646,-4.660672712071528,3580.9141948722836,23.058580804118986,Do Not Reassign,Acceptable
Wonka Bar -Scrumdiddlyumptious,Lot's O' Nuts,Sugar Shack,Pacific,Same Day,1292.5324607939208,35.03527038614334,2.6390570939081783,210.15549798502377,21.267928725958175,2.796728971962617,8.003271028037384,0.5032710280373829,6.710280373831772,2294.990439990625,96.73742270428684,Potential Reassignment,Acceptable
Wonka Bar -Scrumdiddlyumptious,Lot's O' Nuts,Secret Factory,Pacific,Same Day,1394.272577584261,-66.70484640419681,-5.02459082407068,286.8819120848882,-7.476641658503805,2.0907975460122703,8.70920245398773,1.2092024539877295,16.122699386503058,2570.299818307878,30.0,Do Not Reassign,Higher variability risk
Wonka Bar -Scrumdiddlyumptious,Lot's O' Nuts,Wicked Choccy's,Pacific,Same Day,1329.9435411895515,-2.3758100094873953,-0.1789596081380765,266.21497467024545,0.2659622949829092,3.649550453405364,7.150449546594636,-0.3495504534053646,-4.660672712071528,3580.9141948722836,23.058580804118986,Do Not Reassign,Acceptable
Wonka Bar -Scrumdiddlyumptious,Lot's O' Nuts,Sugar Shack,Pacific,Second Class,1294.9350981162527,35.03527038614334,2.634289546284746,210.15549798502377,21.267928725958175,2.796728971962617,8.003271028037384,0.5032710280373829,6.710280373831772,2294.990439990625,96.73742270428684,Potential Reassignment,Acceptable
Wonka Bar -Scrumdiddlyumptious,Lot's O' Nuts,Secret Factory,Pacific,Second Class,1396.675214906593,-66.70484640419704,-5.015513727520831,286.8819120848882,-7.476641658503805,2.0907975460122703,8.70920245398773,1.2092024539877295,16.122699386503058,2570.299818307878,30.0,Do Not Reassign,Higher variability risk
Wonka Bar -Scrumdiddlyumptious,Lot's O' Nuts,Wicked Choccy's,Pacific,Second Class,1332.3461785118836,-2.3758100094876227,-0.17863631143623804,266.21497467024545,0.2659622949829092,3.649550453405364,7.150449546594636,-0.3495504534053646,-4.660672712071528,3580.9141948722836,23.058580804118986,Do Not Reassign,Acceptable
Wonka Bar -Scrumdiddlyumptious,Lot's O' Nuts,Sugar Shack,Pacific,Standard Class,1283.5519651656268,35.03527038614334,2.657030907134683,210.15549798502377,21.267928725958175,2.796728971962617,8.003271028037384,0.5032710280373829,6.710280373831772,2294.990439990625,96.73742270428684,Potential Reassignment,Acceptable
Wonka Bar -Scrumdiddlyumptious,Lot's O' Nuts,Secret Factory,Pacific,Standard Class,1385.292081955967,-66.70484640419681,-5.058811780191684,286.8819120848882,-7.476641658503805,2.0907975460122703,8.70920245398773,1.2092024539877295,16.122699386503058,2570.299818307878,30.0,Do Not Reassign,Higher variability risk
Wonka Bar -Scrumdiddlyumptious,Lot's O' Nuts,Wicked Choccy's,Pacific,Standard Class,1320.9630455612576,-2.3758100094873953,-0.18017844746489028,266.21497467024545,0.2659622949829092,3.649550453405364,7.150449546594636,-0.3495504534053646,-4.660672712071528,3580.9141948722836,23.058580804118986,Do Not Reassign,Acceptable
Wonka Gum,Secret Factory,Sugar Shack,Atlantic,First Class,1216.1457373910594,101.74011679034038,7.719949073551283,274.60691454575556,0.8424237445026834,2.796728971962617,0.9532710280373831,-0.9967289719626169,-51.11430625449318,1907.5144595175952,78.99999999999999,Potential Reassignment,High financial risk
Wonka Gum,Secret Factory,Lot's O' Nuts,Atlantic,First Class,1251.1810077772027,66.70484640419704,5.061504089489642,255.74106237686206,7.654678192488544,3.302645976794642,0.4473540232053579,-1.502645976794642,-77.05876804075088,3313.279674146417,62.91868113095305,Potential Reassignment,High financial risk
Wonka Gum,Secret Factory,Wicked Choccy's,Atlantic,First Class,1253.5568177866903,64.32903639470942,4.881229750710632,255.1409819527574,7.871360720352117,3.649550453405364,0.10044954659463601,-1.849550453405364,-94.84874120027507,966.7174915154925,59.47438750264538,Potential Reassignment,High financial risk
Wonka Gum,Secret Factory,Sugar Shack,Atlantic,Same Day,1201.5043898522097,101.74011679034038,7.806679120593089,274.60691454575556,0.8424237445026834,2.796728971962617,0.9532710280373831,-0.9967289719626169,-51.11430625449318,1907.5144595175952,78.99999999999999,Potential Reassignment,High financial risk
Wonka Gum,Secret Factory,Lot's O' Nuts,Atlantic,Same Day,1236.539660238353,66.70484640419704,5.118367740221187,255.74106237686206,7.654678192488544,3.302645976794642,0.4473540232053579,-1.502645976794642,-77.05876804075088,3313.279674146417,62.91868113095305,Potential Reassignment,High financial risk
Wonka Gum,Secret Factory,Wicked Choccy's,Atlantic,Same Day,1238.9154702478406,64.32903639470942,4.936068102863938,255.1409819527574,7.871360720352117,3.649550453405364,0.10044954659463601,-1.849550453405364,-94.84874120027507,966.7174915154925,59.47438750264538,Potential Reassignment,High financial risk
Wonka Gum,Secret Factory,Sugar Shack,Atlantic,Second Class,1203.9070271745418,101.74011679034015,7.792313356684113,274.60691454575556,0.8424237445026834,2.796728971962617,0.9532710280373831,-0.9967289719626169,-51.11430625449318,1907.5144595175952,78.99999999999999,Potential Reassignment,High financial risk
Wonka Gum,Secret Factory,Lot's O' Nuts,Atlantic,Second Class,1238.9422975606851,66.70484640419681,5.108948976951997,255.74106237686206,7.654678192488544,3.302645976794642,0.4473540232053579,-1.502645976794642,-77.05876804075088,3313.279674146417,62.918681130953026,Potential Reassignment,High financial risk
Wonka Gum,Secret Factory,Wicked Choccy's,Atlantic,Second Class,1241.3181075701725,64.32903639470942,4.926984805355626,255.1409819527574,7.871360720352117,3.649550453405364,0.10044954659463601,-1.849550453405364,-94.84874120027507,966.7174915154925,59.4743875026456,Potential Reassignment,High financial risk
Wonka Gum,Secret Factory,Sugar Shack,Atlantic,Standard Class,1192.5238942239157,101.74011679034015,7.860847240170964,274.60691454575556,0.8424237445026834,2.796728971962617,0.9532710280373831,-0.9967289719626169,-51.11430625449318,1907.5144595175952,78.99999999999999,Potential Reassignment,High financial risk
Wonka Gum,Secret Factory,Lot's O' Nuts,Atlantic,Standard Class,1227.559164610059,66.70484640419681,5.153882502838293,255.74106237686206,7.654678192488544,3.302645976794642,0.4473540232053579,-1.502645976794642,-77.05876804075088,3313.279674146417,62.91868113095305,Potential Reassignment,High financial risk
Wonka Gum,Secret Factory,Wicked Choccy's,Atlantic,Standard Class,1229.9349746195467,64.32903639470919,4.970317944968388,255.1409819527574,7.871360720352117,3.649550453405364,0.10044954659463601,-1.849550453405364,-94.84874120027507,966.7174915154925,59.47438750264538,Potential Reassignment,High financial risk
Wonka Gum,Secret Factory,Sugar Shack,Gulf,First Class,1202.7749507871658,101.74011679034038,7.799075634999947,210.44773697999224,30.927620626612352,2.796728971962617,0.9532710280373831,-0.9967289719626169,-51.11430625449318,2136.7328059710176,100.0,Potential Reassignment,High financial risk
Wonka Gum,Secret Factory,Lot's O' Nuts,Gulf,First Class,1237.8102211733092,66.70484640419704,5.11338259419789,266.87888223426404,12.405998444244187,3.302645976794642,0.4473540232053579,-1.502645976794642,-77.05876804075088,2100.5308123042055,45.672406185028116,Potential Reassignment,High financial risk
Wonka Gum,Secret Factory,Wicked Choccy's,Gulf,First Class,1240.1860311827968,64.32903639470942,4.93126051155307,260.0116889313364,14.65992328020145,3.649550453405364,0.10044954659463601,-1.849550453405364,-94.84874120027507,897.8239432041659,43.758246603045635,Potential Reassignment,High financial risk
Wonka Gum,Secret Factory,Sugar Shack,Gulf,Same Day,1188.1336032483161,101.74011679034038,7.887602887768836,210.44773697999224,30.927620626612352,2.796728971962617,0.9532710280373831,-0.9967289719626169,-51.11430625449318,2136.7328059710176,100.0,Potential Reassignment,High financial risk
Wonka Gum,Secret Factory,Lot's O' Nuts,Gulf,Same Day,1223.1688736344595,66.70484640419704,5.171424564119188,266.87888223426404,12.405998444244187,3.302645976794642,0.4473540232053579,-1.502645976794642,-77.05876804075088,2100.5308123042055,45.67240618502812,Potential Reassignment,High financial risk
Wonka Gum,Secret Factory,Wicked Choccy's,Gulf,Same Day,1225.544683643947,64.32903639470942,4.9872352149931025,260.0116889313364,14.65992328020145,3.649550453405364,0.10044954659463601,-1.849550453405364,-94.84874120027507,897.8239432041659,43.75824660304565,Potential Reassignment,High financial risk
Wonka Gum,Secret Factory,Sugar Shack,Gulf,Second Class,1190.5362405706483,101.74011679034015,7.872938029920156,210.44773697999224,30.927620626612352,2.796728971962617,0.9532710280373831,-0.9967289719626169,-51.11430625449318,2136.7328059710176,100.0,Potential Reassignment,High financial risk
Wonka Gum,Secret Factory,Lot's O' Nuts,Gulf,Second Class,1225.5715109567916,66.70484640419681,5.16180970302804,266.87888223426404,12.405998444244187,3.302645976794642,0.4473540232053579,-1.502645976794642,-77.05876804075088,2100.5308123042055,45.67240618502797,Potential Reassignment,High financial risk
Wonka Gum,Secret Factory,Wicked Choccy's,Gulf,Second Class,1227.947320966279,64.32903639470942,4.977962804030435,260.0116889313364,14.65992328020145,3.649550453405364,0.10044954659463601,-1.849550453405364,-94.84874120027507,897.8239432041659,43.75824660304571,Potential Reassignment,High financial risk
Wonka Gum,Secret Factory,Sugar Shack,Gulf,Standard Class,1179.1531076200222,101.74011679034015,7.942903815200873,210.44773697999224,30.927620626612352,2.796728971962617,0.9532710280373831,-0.9967289719626169,-51.11430625449318,2136.7328059710176,100.0,Potential Reassignment,High financial risk
Wonka Gum,Secret Factory,Lot's O' Nuts,Gulf,Standard Class,1214.1883780061655,66.70484640419681,5.207682040390468,266.87888223426404,12.405998444244187,3.302645976794642,0.4473540232053579,-1.502645976794642,-77.05876804075088,2100.5308123042055,45.672406185028116,Potential Reassignment,High financial risk
Wonka Gum,Secret Factory,Wicked Choccy's,Gulf,Standard Class,1216.564188015653,64.32903639470942,5.022201317703293,260.0116889313364,14.65992328020145,3.649550453405364,0.10044954659463601,-1.849550453405364,-94.84874120027507,897.8239432041659,43.75824660304586,Potential Reassignment,High financial risk
Wonka Gum,Secret Factory,Sugar Shack,Interior,First Class,1222.9635209476012,101.74011679034015,7.680217211758486,235.25726799156945,23.0655457098506,2.796728971962617,0.9532710280373831,-0.9967289719626169,-51.11430625449318,1018.4239278200666,100.0,Potential Reassignment,High financial risk
Wonka Gum,Secret Factory,Lot's O' Nuts,Interior,First Class,1257.9987913337445,66.70484640419681,5.035454308716306,258.4114381726021,15.493607709266346,3.302645976794642,0.4473540232053579,-1.502645976794642,-77.05876804075088,1652.3798078410057,56.55251414606597,Potential Reassignment,High financial risk
Wonka Gum,Secret Factory,Wicked Choccy's,Interior,First Class,1260.374601343232,64.32903639470942,4.856107778533576,266.03206567220985,13.00148993949,3.649550453405364,0.10044954659463601,-1.849550453405364,-94.84874120027507,1472.986345145029,50.152514833056784,Potential Reassignment,High financial risk
Wonka Gum,Secret Factory,Sugar Shack,Interior,Same Day,1208.3221734087515,101.74011679034015,7.766051855051762,235.25726799156945,23.0655457098506,2.796728971962617,0.9532710280373831,-0.9967289719626169,-51.11430625449318,1018.4239278200666,100.0,Potential Reassignment,High financial risk
Wonka Gum,Secret Factory,Lot's O' Nuts,Interior,Same Day,1243.3574437948948,66.70484640419681,5.091730897319364,258.4114381726021,15.493607709266346,3.302645976794642,0.4473540232053579,-1.502645976794642,-77.05876804075088,1652.3798078410057,56.55251414606597,Potential Reassignment,High financial risk
Wonka Gum,Secret Factory,Wicked Choccy's,Interior,Same Day,1245.7332538043822,64.32903639470942,4.910379977804968,266.03206567220985,13.00148993949,3.649550453405364,0.10044954659463601,-1.849550453405364,-94.84874120027507,1472.986345145029,50.152514833056784,Potential Reassignment,High financial risk
Wonka Gum,Secret Factory,Sugar Shack,Interior,Second Class,1210.7248107310834,101.74011679034038,7.7518350896031585,235.25726799156945,23.0655457098506,2.796728971962617,0.9532710280373831,-0.9967289719626169,-51.11430625449318,1018.4239278200666,100.0,Potential Reassignment,High financial risk
Wonka Gum,Secret Factory,Lot's O' Nuts,Interior,Second Class,1245.7600811172267,66.70484640419704,5.082409823336647,258.4114381726021,15.493607709266346,3.302645976794642,0.4473540232053579,-1.502645976794642,-77.05876804075088,1652.3798078410057,56.55251414606597,Potential Reassignment,High financial risk
Wonka Gum,Secret Factory,Wicked Choccy's,Interior,Second Class,1248.1358911267143,64.32903639470942,4.901390890207948,266.03206567220985,13.00148993949,3.649550453405364,0.10044954659463601,-1.849550453405364,-94.84874120027507,1472.986345145029,50.15251483305656,Potential Reassignment,High financial risk
Wonka Gum,Secret Factory,Sugar Shack,Interior,Standard Class,1199.3416777804575,101.74011679034015,7.8196557061120275,235.25726799156945,23.0655457098506,2.796728971962617,0.9532710280373831,-0.9967289719626169,-51.11430625449318,1018.4239278200666,100.0,Potential Reassignment,High financial risk
Wonka Gum,Secret Factory,Lot's O' Nuts,Interior,Standard Class,1234.3769481666009,66.70484640419681,5.126875703168339,258.4114381726021,15.493607709266346,3.302645976794642,0.4473540232053579,-1.502645976794642,-77.05876804075088,1652.3798078410057,56.55251414606583,Potential Reassignment,High financial risk
Wonka Gum,Secret Factory,Wicked Choccy's,Interior,Standard Class,1236.7527581760883,64.32903639470942,4.944273039799958,266.03206567220985,13.00148993949,3.649550453405364,0.10044954659463601,-1.849550453405364,-94.84874120027507,1472.986345145029,50.15251483305663,Potential Reassignment,High financial risk
Wonka Gum,Secret Factory,Sugar Shack,Pacific,First Class,1221.4270872844727,101.74011679034038,7.6891353169140295,210.15549798502377,26.744946567827228,2.796728971962617,0.9532710280373831,-0.9967289719626169,-51.11430625449318,2294.990439990625,100.0,Potential Reassignment,High financial risk
Wonka Gum,Secret Factory,Lot's O' Nuts,Pacific,First Class,1256.462357670616,66.70484640419704,5.041301371343956,266.9248942448598,6.956527058465485,3.302645976794642,0.4473540232053579,-1.502645976794642,-77.05876804075088,878.5208852512897,42.56605257570626,Potential Reassignment,High financial risk
Wonka Gum,Secret Factory,Wicked Choccy's,Pacific,First Class,1258.8381676801037,64.32903639470942,4.86174658777835,266.21497467024545,7.2039876144325925,3.649550453405364,0.10044954659463601,-1.849550453405364,-94.84874120027507,3580.9141948722836,38.73699926266243,Potential Reassignment,High financial risk
Wonka Gum,Secret Factory,Sugar Shack,Pacific,Same Day,1206.785739745623,101.74011679034038,7.775170531186531,210.15549798502377,26.744946567827228,2.796728971962617,0.9532710280373831,-0.9967289719626169,-51.11430625449318,2294.990439990625,100.0,Potential Reassignment,High financial risk
Wonka Gum,Secret Factory,Lot's O' Nuts,Pacific,Same Day,1241.8210101317663,66.70484640419704,5.09770946221755,266.9248942448598,6.956527058465485,3.302645976794642,0.4473540232053579,-1.502645976794642,-77.05876804075088,878.5208852512897,42.56605257570627,Potential Reassignment,High financial risk
Wonka Gum,Secret Factory,Wicked Choccy's,Pacific,Same Day,1244.196820141254,64.32903639470942,4.916145605636445,266.21497467024545,7.2039876144325925,3.649550453405364,0.10044954659463601,-1.849550453405364,-94.84874120027507,3580.9141948722836,38.73699926266243,Potential Reassignment,High financial risk
Wonka Gum,Secret Factory,Sugar Shack,Pacific,Second Class,1209.1883770679551,101.74011679034015,7.760920390928488,210.15549798502377,26.744946567827228,2.796728971962617,0.9532710280373831,-0.9967289719626169,-51.11430625449318,2294.990439990625,100.0,Potential Reassignment,High financial risk
Wonka Gum,Secret Factory,Lot's O' Nuts,Pacific,Second Class,1244.2236474540985,66.70484640419681,5.088366506389117,266.9248942448598,6.956527058465485,3.302645976794642,0.4473540232053579,-1.502645976794642,-77.05876804075088,878.5208852512897,42.56605257570612,Potential Reassignment,High financial risk
Wonka Gum,Secret Factory,Wicked Choccy's,Pacific,Second Class,1246.5994574635858,64.32903639470942,4.907135415554028,266.21497467024545,7.2039876144325925,3.649550453405364,0.10044954659463601,-1.849550453405364,-94.84874120027507,3580.9141948722836,38.736999262662486,Potential Reassignment,High financial risk
Wonka Gum,Secret Factory,Sugar Shack,Pacific,Standard Class,1197.805244117329,101.74011679034015,7.82890077182682,210.15549798502377,26.744946567827228,2.796728971962617,0.9532710280373831,-0.9967289719626169,-51.11430625449318,2294.990439990625,100.0,Potential Reassignment,High financial risk
Wonka Gum,Secret Factory,Lot's O' Nuts,Pacific,Standard Class,1232.8405145034724,66.70484640419681,5.132937134076392,266.9248942448598,6.956527058465485,3.302645976794642,0.4473540232053579,-1.502645976794642,-77.05876804075088,878.5208852512897,42.56605257570627,Potential Reassignment,High financial risk
Wonka Gum,Secret Factory,Wicked Choccy's,Pacific,Standard Class,1235.2163245129598,64.32903639470942,4.950118582223149,266.21497467024545,7.2039876144325925,3.649550453405364,0.10044954659463601,-1.849550453405364,-94.84874120027507,3580.9141948722836,38.73699926266264,Potential Reassignment,High financial risk
